title,company,location,mode,duration,stipend,skills,deadline
Content Writing Intern,WriteRight,Remote,Hybrid,6 Months,15000,"Creative Writing, Editing",2025-09-02
Graphic Design Intern,DesignHive,Kolkata,Hybrid,1 Month,8000,"Photoshop, Illustrator",2025-08-25
Data Analyst Intern,TechNova,Kolkata,Online,1 Month,10000,"Python, Excel, SQL",2025-09-06
Business Analyst Intern,BizInsight,Bangalore,Offline,3 Months,10000,"Power BI, Data Analysis",2025-07-24
Marketing Intern,MarketGurus,Chennai,Offline,3 Months,0,"SEO, Content Writing",2025-08-06
Content Writing Intern,WriteRight,Remote,Online,1 Month,5000,"Creative Writing, Editing",2025-08-28
Social Media Intern,SocialBuzz,Remote,Hybrid,6 Months,2000,"Instagram Marketing, Facebook Ads",2025-07-13
Web Developer Intern,WebWorks,Delhi,Hybrid,3 Months,5000,"HTML, CSS, JavaScript",2025-09-04
Business Analyst Intern,BizInsight,Bangalore,Offline,2 Months,5000,"Power BI, Data Analysis",2025-07-26
Web Developer Intern,WebWorks,Delhi,Hybrid,1 Month,5000,"HTML, CSS, JavaScript",2025-07-27
AI/ML Intern,NeuroNet,Pune,Online,1 Month,10000,"Python, TensorFlow, Machine Learning",2025-07-19
Marketing Intern,MarketGurus,Chennai,Hybrid,3 Months,8000,"SEO, Content Writing",2025-07-28
Web Developer Intern,WebWorks,Hyderabad,Hybrid,6 Months,0,"HTML, CSS, JavaScript",2025-08-01
Business Analyst Intern,BizInsight,Mumbai,Offline,1 Month,0,"Power BI, Data Analysis",2025-08-21
AI/ML Intern,NeuroNet,Mumbai,Online,6 Months,10000,"Python, TensorFlow, Machine Learning",2025-08-18
Graphic Design Intern,DesignHive,Pune,Hybrid,6 Months,5000,"Photoshop, Illustrator",2025-07-30
Web Developer Intern,WebWorks,Pune,Hybrid,6 Months,15000,"HTML, CSS, JavaScript",2025-07-27
Social Media Intern,SocialBuzz,Delhi,Online,1 Month,2000,"Instagram Marketing, Facebook Ads",2025-08-15
Web Developer Intern,WebWorks,Pune,Offline,3 Months,5000,"HTML, CSS, JavaScript",2025-07-21
Graphic Design Intern,DesignHive,Remote,Offline,1 Month,15000,"Photoshop, Illustrator",2025-09-06
Social Media Intern,SocialBuzz,Remote,Hybrid,2 Months,5000,"Instagram Marketing, Facebook Ads",2025-07-23
Data Analyst Intern,TechNova,Delhi,Online,2 Months,10000,"Python, Excel, SQL",2025-08-07
AI/ML Intern,NeuroNet,Hyderabad,Hybrid,6 Months,8000,"Python, TensorFlow, Machine Learning",2025-08-14
Marketing Intern,MarketGurus,Bangalore,Hybrid,6 Months,8000,"SEO, Content Writing",2025-07-13
Business Analyst Intern,BizInsight,Delhi,Offline,1 Month,10000,"Power BI, Data Analysis",2025-07-14
Web Developer Intern,WebWorks,Mumbai,Hybrid,2 Months,5000,"HTML, CSS, JavaScript",2025-08-16
Graphic Design Intern,DesignHive,Bangalore,Hybrid,6 Months,15000,"Photoshop, Illustrator",2025-09-03
AI/ML Intern,NeuroNet,Remote,Offline,3 Months,10000,"Python, TensorFlow, Machine Learning",2025-09-03
Web Developer Intern,WebWorks,Hyderabad,Offline,6 Months,10000,"HTML, CSS, JavaScript",2025-08-22
Marketing Intern,MarketGurus,Remote,Online,1 Month,10000,"SEO, Content Writing",2025-07-24
Business Analyst Intern,BizInsight,Chennai,Hybrid,6 Months,15000,"Power BI, Data Analysis",2025-07-31
Data Analyst Intern,TechNova,Delhi,Offline,2 Months,15000,"Python, Excel, SQL",2025-09-02
Content Writing Intern,WriteRight,Bangalore,Online,1 Month,10000,"Creative Writing, Editing",2025-08-22
Content Writing Intern,WriteRight,Pune,Offline,2 Months,0,"Creative Writing, Editing",2025-08-21
Web Developer Intern,WebWorks,Chennai,Online,2 Months,8000,"HTML, CSS, JavaScript",2025-09-06
Marketing Intern,MarketGurus,Pune,Online,3 Months,0,"SEO, Content Writing",2025-07-21
HR Intern,Talentify,Chennai,Online,6 Months,15000,"Communication, Recruitment",2025-08-13
Business Analyst Intern,BizInsight,Hyderabad,Offline,1 Month,15000,"Power BI, Data Analysis",2025-08-02
Web Developer Intern,WebWorks,Kolkata,Offline,1 Month,2000,"HTML, CSS, JavaScript",2025-07-25
Finance Intern,FinVision,Delhi,Hybrid,6 Months,8000,"Finance, Excel, Tally",2025-08-30
Graphic Design Intern,DesignHive,Mumbai,Hybrid,1 Month,0,"Photoshop, Illustrator",2025-07-19
Marketing Intern,MarketGurus,Chennai,Offline,6 Months,10000,"SEO, Content Writing",2025-09-03
Web Developer Intern,WebWorks,Mumbai,Hybrid,3 Months,15000,"HTML, CSS, JavaScript",2025-07-23
AI/ML Intern,NeuroNet,Mumbai,Online,1 Month,2000,"Python, TensorFlow, Machine Learning",2025-08-21
Marketing Intern,MarketGurus,Remote,Offline,3 Months,10000,"SEO, Content Writing",2025-07-25
Content Writing Intern,WriteRight,Mumbai,Hybrid,2 Months,0,"Creative Writing, Editing",2025-09-02
Business Analyst Intern,BizInsight,Chennai,Hybrid,3 Months,0,"Power BI, Data Analysis",2025-08-30
HR Intern,Talentify,Pune,Offline,3 Months,15000,"Communication, Recruitment",2025-08-05
AI/ML Intern,NeuroNet,Mumbai,Hybrid,2 Months,0,"Python, TensorFlow, Machine Learning",2025-07-28
Data Analyst Intern,TechNova,Chennai,Online,1 Month,5000,"Python, Excel, SQL",2025-07-25
HR Intern,Talentify,Kolkata,Hybrid,1 Month,15000,"Communication, Recruitment",2025-08-21
Finance Intern,FinVision,Kolkata,Offline,3 Months,8000,"Finance, Excel, Tally",2025-08-04
Social Media Intern,SocialBuzz,Delhi,Hybrid,1 Month,2000,"Instagram Marketing, Facebook Ads",2025-08-06
Finance Intern,FinVision,Remote,Offline,2 Months,10000,"Finance, Excel, Tally",2025-07-26
Graphic Design Intern,DesignHive,Remote,Hybrid,2 Months,10000,"Photoshop, Illustrator",2025-07-23
Graphic Design Intern,DesignHive,Bangalore,Offline,3 Months,0,"Photoshop, Illustrator",2025-07-13
AI/ML Intern,NeuroNet,Bangalore,Hybrid,3 Months,15000,"Python, TensorFlow, Machine Learning",2025-09-06
Web Developer Intern,WebWorks,Chennai,Online,2 Months,10000,"HTML, CSS, JavaScript",2025-07-18
AI/ML Intern,NeuroNet,Kolkata,Online,2 Months,0,"Python, TensorFlow, Machine Learning",2025-07-23
Web Developer Intern,WebWorks,Pune,Offline,3 Months,8000,"HTML, CSS, JavaScript",2025-07-25
Marketing Intern,MarketGurus,Remote,Hybrid,2 Months,8000,"SEO, Content Writing",2025-08-28
Finance Intern,FinVision,Mumbai,Hybrid,1 Month,0,"Finance, Excel, Tally",2025-08-29
Finance Intern,FinVision,Kolkata,Offline,2 Months,10000,"Finance, Excel, Tally",2025-08-04
Social Media Intern,SocialBuzz,Delhi,Hybrid,6 Months,0,"Instagram Marketing, Facebook Ads",2025-07-31
Marketing Intern,MarketGurus,Pune,Online,6 Months,8000,"SEO, Content Writing",2025-07-22
Marketing Intern,MarketGurus,Chennai,Offline,2 Months,8000,"SEO, Content Writing",2025-08-30
Data Analyst Intern,TechNova,Bangalore,Online,1 Month,2000,"Python, Excel, SQL",2025-08-13
Business Analyst Intern,BizInsight,Bangalore,Online,2 Months,10000,"Power BI, Data Analysis",2025-08-18
Data Analyst Intern,TechNova,Pune,Online,3 Months,5000,"Python, Excel, SQL",2025-07-24
Graphic Design Intern,DesignHive,Remote,Hybrid,3 Months,0,"Photoshop, Illustrator",2025-09-04
Web Developer Intern,WebWorks,Pune,Hybrid,3 Months,15000,"HTML, CSS, JavaScript",2025-08-24
Finance Intern,FinVision,Hyderabad,Hybrid,2 Months,15000,"Finance, Excel, Tally",2025-08-26
Marketing Intern,MarketGurus,Chennai,Hybrid,2 Months,10000,"SEO, Content Writing",2025-07-23
HR Intern,Talentify,Remote,Offline,6 Months,0,"Communication, Recruitment",2025-08-05
Business Analyst Intern,BizInsight,Pune,Online,2 Months,10000,"Power BI, Data Analysis",2025-08-14
Social Media Intern,SocialBuzz,Mumbai,Online,2 Months,0,"Instagram Marketing, Facebook Ads",2025-07-18
Graphic Design Intern,DesignHive,Pune,Offline,2 Months,5000,"Photoshop, Illustrator",2025-07-29
Finance Intern,FinVision,Mumbai,Hybrid,3 Months,0,"Finance, Excel, Tally",2025-07-13
Marketing Intern,MarketGurus,Chennai,Online,2 Months,5000,"SEO, Content Writing",2025-08-08
Data Analyst Intern,TechNova,Hyderabad,Hybrid,6 Months,0,"Python, Excel, SQL",2025-08-07
Social Media Intern,SocialBuzz,Delhi,Hybrid,3 Months,8000,"Instagram Marketing, Facebook Ads",2025-08-07
HR Intern,Talentify,Pune,Online,2 Months,15000,"Communication, Recruitment",2025-07-26
Business Analyst Intern,BizInsight,Pune,Online,2 Months,2000,"Power BI, Data Analysis",2025-09-02
Social Media Intern,SocialBuzz,Hyderabad,Online,6 Months,10000,"Instagram Marketing, Facebook Ads",2025-07-18
Data Analyst Intern,TechNova,Bangalore,Offline,6 Months,5000,"Python, Excel, SQL",2025-07-29
Graphic Design Intern,DesignHive,Hyderabad,Online,3 Months,8000,"Photoshop, Illustrator",2025-07-16
Content Writing Intern,WriteRight,Pune,Hybrid,1 Month,10000,"Creative Writing, Editing",2025-08-24
HR Intern,Talentify,Kolkata,Hybrid,1 Month,10000,"Communication, Recruitment",2025-08-27
Finance Intern,FinVision,Kolkata,Online,2 Months,2000,"Finance, Excel, Tally",2025-08-24
Marketing Intern,MarketGurus,Mumbai,Hybrid,6 Months,5000,"SEO, Content Writing",2025-08-27
Content Writing Intern,WriteRight,Hyderabad,Hybrid,2 Months,2000,"Creative Writing, Editing",2025-08-09
Social Media Intern,SocialBuzz,Kolkata,Offline,6 Months,2000,"Instagram Marketing, Facebook Ads",2025-07-17
AI/ML Intern,NeuroNet,Pune,Hybrid,1 Month,2000,"Python, TensorFlow, Machine Learning",2025-08-15
Business Analyst Intern,BizInsight,Kolkata,Offline,1 Month,10000,"Power BI, Data Analysis",2025-08-19
Finance Intern,FinVision,Mumbai,Offline,2 Months,2000,"Finance, Excel, Tally",2025-07-16
Data Analyst Intern,TechNova,Kolkata,Online,2 Months,2000,"Python, Excel, SQL",2025-07-21
Data Analyst Intern,TechNova,Bangalore,Hybrid,1 Month,10000,"Python, Excel, SQL",2025-08-16
Data Analyst Intern,TechNova,Chennai,Online,2 Months,10000,"Python, Excel, SQL",2025-07-31
Business Analyst Intern,BizInsight,Bangalore,Online,2 Months,0,"Power BI, Data Analysis",2025-07-22
HR Intern,Talentify,Pune,Offline,1 Month,5000,"Communication, Recruitment",2025-08-04
Graphic Design Intern,DesignHive,Delhi,Offline,1 Month,0,"Photoshop, Illustrator",2025-08-16
Data Analyst Intern,TechNova,Chennai,Online,6 Months,5000,"Python, Excel, SQL",2025-08-26
Social Media Intern,SocialBuzz,Mumbai,Hybrid,2 Months,0,"Instagram Marketing, Facebook Ads",2025-08-22
AI/ML Intern,NeuroNet,Remote,Hybrid,3 Months,15000,"Python, TensorFlow, Machine Learning",2025-09-02
Web Developer Intern,WebWorks,Remote,Hybrid,6 Months,10000,"HTML, CSS, JavaScript",2025-08-23
Graphic Design Intern,DesignHive,Remote,Online,6 Months,10000,"Photoshop, Illustrator",2025-09-01
Social Media Intern,SocialBuzz,Pune,Offline,1 Month,10000,"Instagram Marketing, Facebook Ads",2025-08-04
Marketing Intern,MarketGurus,Mumbai,Offline,3 Months,5000,"SEO, Content Writing",2025-07-22
Social Media Intern,SocialBuzz,Remote,Online,6 Months,10000,"Instagram Marketing, Facebook Ads",2025-08-12
Social Media Intern,SocialBuzz,Hyderabad,Hybrid,1 Month,5000,"Instagram Marketing, Facebook Ads",2025-08-20
Social Media Intern,SocialBuzz,Delhi,Offline,2 Months,8000,"Instagram Marketing, Facebook Ads",2025-09-05
Graphic Design Intern,DesignHive,Bangalore,Offline,3 Months,2000,"Photoshop, Illustrator",2025-08-02
Finance Intern,FinVision,Delhi,Hybrid,2 Months,2000,"Finance, Excel, Tally",2025-08-22
Business Analyst Intern,BizInsight,Remote,Hybrid,6 Months,5000,"Power BI, Data Analysis",2025-08-11
Graphic Design Intern,DesignHive,Mumbai,Online,3 Months,15000,"Photoshop, Illustrator",2025-09-05
Social Media Intern,SocialBuzz,Bangalore,Offline,2 Months,15000,"Instagram Marketing, Facebook Ads",2025-07-22
Data Analyst Intern,TechNova,Hyderabad,Offline,3 Months,8000,"Python, Excel, SQL",2025-09-03
Business Analyst Intern,BizInsight,Hyderabad,Hybrid,2 Months,15000,"Power BI, Data Analysis",2025-08-07
Web Developer Intern,WebWorks,Mumbai,Online,2 Months,5000,"HTML, CSS, JavaScript",2025-07-24
Web Developer Intern,WebWorks,Pune,Offline,2 Months,5000,"HTML, CSS, JavaScript",2025-07-22
AI/ML Intern,NeuroNet,Remote,Hybrid,2 Months,15000,"Python, TensorFlow, Machine Learning",2025-08-16
Business Analyst Intern,BizInsight,Mumbai,Hybrid,3 Months,0,"Power BI, Data Analysis",2025-09-03
Marketing Intern,MarketGurus,Chennai,Offline,1 Month,8000,"SEO, Content Writing",2025-07-17
AI/ML Intern,NeuroNet,Remote,Offline,3 Months,2000,"Python, TensorFlow, Machine Learning",2025-08-17
Business Analyst Intern,BizInsight,Pune,Offline,3 Months,15000,"Power BI, Data Analysis",2025-09-05
Graphic Design Intern,DesignHive,Remote,Online,3 Months,0,"Photoshop, Illustrator",2025-07-13
HR Intern,Talentify,Pune,Hybrid,3 Months,15000,"Communication, Recruitment",2025-08-05
Finance Intern,FinVision,Remote,Online,1 Month,0,"Finance, Excel, Tally",2025-08-18
Social Media Intern,SocialBuzz,Hyderabad,Hybrid,3 Months,5000,"Instagram Marketing, Facebook Ads",2025-08-08
AI/ML Intern,NeuroNet,Pune,Online,6 Months,8000,"Python, TensorFlow, Machine Learning",2025-07-16
Social Media Intern,SocialBuzz,Mumbai,Online,1 Month,0,"Instagram Marketing, Facebook Ads",2025-08-23
Business Analyst Intern,BizInsight,Mumbai,Offline,2 Months,2000,"Power BI, Data Analysis",2025-09-06
AI/ML Intern,NeuroNet,Pune,Hybrid,6 Months,2000,"Python, TensorFlow, Machine Learning",2025-07-14
Marketing Intern,MarketGurus,Mumbai,Hybrid,3 Months,8000,"SEO, Content Writing",2025-08-16
Social Media Intern,SocialBuzz,Pune,Hybrid,6 Months,5000,"Instagram Marketing, Facebook Ads",2025-07-16
Marketing Intern,MarketGurus,Hyderabad,Offline,6 Months,15000,"SEO, Content Writing",2025-07-29
Content Writing Intern,WriteRight,Kolkata,Online,1 Month,2000,"Creative Writing, Editing",2025-07-14
Content Writing Intern,WriteRight,Pune,Offline,3 Months,10000,"Creative Writing, Editing",2025-08-23
Graphic Design Intern,DesignHive,Hyderabad,Hybrid,3 Months,10000,"Photoshop, Illustrator",2025-08-27
Web Developer Intern,WebWorks,Kolkata,Online,6 Months,0,"HTML, CSS, JavaScript",2025-07-25
Finance Intern,FinVision,Kolkata,Online,3 Months,15000,"Finance, Excel, Tally",2025-08-16
Finance Intern,FinVision,Chennai,Hybrid,3 Months,2000,"Finance, Excel, Tally",2025-08-16
HR Intern,Talentify,Kolkata,Offline,1 Month,15000,"Communication, Recruitment",2025-09-03
Data Analyst Intern,TechNova,Delhi,Hybrid,1 Month,5000,"Python, Excel, SQL",2025-08-12
Finance Intern,FinVision,Bangalore,Hybrid,6 Months,10000,"Finance, Excel, Tally",2025-08-09
Data Analyst Intern,TechNova,Hyderabad,Offline,1 Month,0,"Python, Excel, SQL",2025-07-19
Social Media Intern,SocialBuzz,Kolkata,Offline,1 Month,0,"Instagram Marketing, Facebook Ads",2025-08-01
Data Analyst Intern,TechNova,Bangalore,Online,1 Month,10000,"Python, Excel, SQL",2025-08-12
Graphic Design Intern,DesignHive,Chennai,Online,3 Months,8000,"Photoshop, Illustrator",2025-07-14
Business Analyst Intern,BizInsight,Remote,Hybrid,6 Months,5000,"Power BI, Data Analysis",2025-08-05
Web Developer Intern,WebWorks,Pune,Hybrid,6 Months,10000,"HTML, CSS, JavaScript",2025-08-22
Data Analyst Intern,TechNova,Chennai,Online,1 Month,8000,"Python, Excel, SQL",2025-08-09
Finance Intern,FinVision,Pune,Hybrid,3 Months,15000,"Finance, Excel, Tally",2025-08-19
Graphic Design Intern,DesignHive,Hyderabad,Hybrid,1 Month,2000,"Photoshop, Illustrator",2025-07-14
Marketing Intern,MarketGurus,Chennai,Hybrid,3 Months,2000,"SEO, Content Writing",2025-08-22
Business Analyst Intern,BizInsight,Delhi,Online,6 Months,2000,"Power BI, Data Analysis",2025-09-05
Data Analyst Intern,TechNova,Delhi,Offline,1 Month,0,"Python, Excel, SQL",2025-08-25
Graphic Design Intern,DesignHive,Hyderabad,Hybrid,6 Months,10000,"Photoshop, Illustrator",2025-08-14
Web Developer Intern,WebWorks,Mumbai,Online,3 Months,2000,"HTML, CSS, JavaScript",2025-07-26
Business Analyst Intern,BizInsight,Mumbai,Hybrid,6 Months,5000,"Power BI, Data Analysis",2025-07-16
Graphic Design Intern,DesignHive,Pune,Hybrid,2 Months,10000,"Photoshop, Illustrator",2025-08-01
Social Media Intern,SocialBuzz,Delhi,Hybrid,3 Months,10000,"Instagram Marketing, Facebook Ads",2025-08-11
Web Developer Intern,WebWorks,Hyderabad,Offline,6 Months,0,"HTML, CSS, JavaScript",2025-07-18
Social Media Intern,SocialBuzz,Kolkata,Offline,6 Months,10000,"Instagram Marketing, Facebook Ads",2025-08-17
AI/ML Intern,NeuroNet,Pune,Hybrid,1 Month,5000,"Python, TensorFlow, Machine Learning",2025-07-29
AI/ML Intern,NeuroNet,Mumbai,Offline,2 Months,5000,"Python, TensorFlow, Machine Learning",2025-07-28
Marketing Intern,MarketGurus,Delhi,Online,3 Months,15000,"SEO, Content Writing",2025-08-17
Content Writing Intern,WriteRight,Delhi,Online,6 Months,2000,"Creative Writing, Editing",2025-08-19
Data Analyst Intern,TechNova,Pune,Online,3 Months,8000,"Python, Excel, SQL",2025-08-17
Content Writing Intern,WriteRight,Mumbai,Offline,1 Month,10000,"Creative Writing, Editing",2025-08-27
Business Analyst Intern,BizInsight,Chennai,Offline,3 Months,5000,"Power BI, Data Analysis",2025-08-16
Content Writing Intern,WriteRight,Kolkata,Offline,6 Months,0,"Creative Writing, Editing",2025-08-24
Content Writing Intern,WriteRight,Remote,Offline,2 Months,8000,"Creative Writing, Editing",2025-08-09
Marketing Intern,MarketGurus,Remote,Offline,1 Month,10000,"SEO, Content Writing",2025-07-16
Finance Intern,FinVision,Mumbai,Offline,1 Month,15000,"Finance, Excel, Tally",2025-08-16
AI/ML Intern,NeuroNet,Delhi,Online,1 Month,0,"Python, TensorFlow, Machine Learning",2025-07-29
Web Developer Intern,WebWorks,Delhi,Online,2 Months,2000,"HTML, CSS, JavaScript",2025-07-18
Web Developer Intern,WebWorks,Remote,Online,2 Months,15000,"HTML, CSS, JavaScript",2025-08-27
HR Intern,Talentify,Bangalore,Online,1 Month,5000,"Communication, Recruitment",2025-08-10
AI/ML Intern,NeuroNet,Delhi,Hybrid,3 Months,5000,"Python, TensorFlow, Machine Learning",2025-08-11
Data Analyst Intern,TechNova,Remote,Hybrid,2 Months,2000,"Python, Excel, SQL",2025-07-16
Data Analyst Intern,TechNova,Pune,Online,2 Months,5000,"Python, Excel, SQL",2025-08-27
AI/ML Intern,NeuroNet,Chennai,Offline,6 Months,8000,"Python, TensorFlow, Machine Learning",2025-07-30
Finance Intern,FinVision,Pune,Offline,2 Months,8000,"Finance, Excel, Tally",2025-08-27
Content Writing Intern,WriteRight,Bangalore,Offline,6 Months,0,"Creative Writing, Editing",2025-08-26
Business Analyst Intern,BizInsight,Mumbai,Online,1 Month,15000,"Power BI, Data Analysis",2025-07-24
Marketing Intern,MarketGurus,Hyderabad,Hybrid,2 Months,15000,"SEO, Content Writing",2025-08-18
Marketing Intern,MarketGurus,Chennai,Offline,3 Months,8000,"SEO, Content Writing",2025-08-13
Finance Intern,FinVision,Remote,Online,1 Month,15000,"Finance, Excel, Tally",2025-08-30
Social Media Intern,SocialBuzz,Delhi,Online,1 Month,10000,"Instagram Marketing, Facebook Ads",2025-09-03
AI/ML Intern,NeuroNet,Remote,Hybrid,1 Month,2000,"Python, TensorFlow, Machine Learning",2025-08-15
Web Developer Intern,WebWorks,Kolkata,Offline,6 Months,15000,"HTML, CSS, JavaScript",2025-08-15
Business Analyst Intern,BizInsight,Bangalore,Offline,6 Months,2000,"Power BI, Data Analysis",2025-07-26
Business Analyst Intern,BizInsight,Remote,Online,2 Months,15000,"Power BI, Data Analysis",2025-08-15
Content Writing Intern,WriteRight,Pune,Hybrid,3 Months,8000,"Creative Writing, Editing",2025-09-05
Data Analyst Intern,TechNova,Mumbai,Offline,1 Month,8000,"Python, Excel, SQL",2025-07-17
Web Developer Intern,WebWorks,Chennai,Offline,1 Month,10000,"HTML, CSS, JavaScript",2025-08-04
Data Analyst Intern,TechNova,Bangalore,Hybrid,6 Months,0,"Python, Excel, SQL",2025-08-16
Business Analyst Intern,BizInsight,Mumbai,Offline,2 Months,2000,"Power BI, Data Analysis",2025-07-18
Content Writing Intern,WriteRight,Bangalore,Hybrid,6 Months,2000,"Creative Writing, Editing",2025-08-06
Web Developer Intern,WebWorks,Kolkata,Hybrid,3 Months,0,"HTML, CSS, JavaScript",2025-08-03
Web Developer Intern,WebWorks,Chennai,Offline,2 Months,8000,"HTML, CSS, JavaScript",2025-08-09
Finance Intern,FinVision,Hyderabad,Hybrid,1 Month,0,"Finance, Excel, Tally",2025-08-14
Graphic Design Intern,DesignHive,Remote,Online,1 Month,8000,"Photoshop, Illustrator",2025-08-09
Business Analyst Intern,BizInsight,Mumbai,Offline,1 Month,10000,"Power BI, Data Analysis",2025-08-24
Finance Intern,FinVision,Remote,Offline,2 Months,5000,"Finance, Excel, Tally",2025-07-29
HR Intern,Talentify,Mumbai,Offline,1 Month,15000,"Communication, Recruitment",2025-08-25
HR Intern,Talentify,Pune,Hybrid,6 Months,15000,"Communication, Recruitment",2025-07-23
Content Writing Intern,WriteRight,Kolkata,Hybrid,1 Month,2000,"Creative Writing, Editing",2025-07-16
Data Analyst Intern,TechNova,Mumbai,Online,1 Month,8000,"Python, Excel, SQL",2025-07-16
Finance Intern,FinVision,Remote,Online,2 Months,15000,"Finance, Excel, Tally",2025-09-05
Graphic Design Intern,DesignHive,Mumbai,Online,3 Months,10000,"Photoshop, Illustrator",2025-08-25
Marketing Intern,MarketGurus,Remote,Online,3 Months,15000,"SEO, Content Writing",2025-08-07
Data Analyst Intern,TechNova,Delhi,Offline,6 Months,10000,"Python, Excel, SQL",2025-09-03
Finance Intern,FinVision,Mumbai,Hybrid,2 Months,8000,"Finance, Excel, Tally",2025-08-10
Web Developer Intern,WebWorks,Kolkata,Offline,6 Months,10000,"HTML, CSS, JavaScript",2025-09-05
Data Analyst Intern,TechNova,Remote,Online,3 Months,15000,"Python, Excel, SQL",2025-08-14
Finance Intern,FinVision,Kolkata,Offline,1 Month,5000,"Finance, Excel, Tally",2025-08-09
Finance Intern,FinVision,Hyderabad,Hybrid,2 Months,15000,"Finance, Excel, Tally",2025-08-05
Graphic Design Intern,DesignHive,Bangalore,Online,2 Months,5000,"Photoshop, Illustrator",2025-08-02
Data Analyst Intern,TechNova,Chennai,Online,3 Months,0,"Python, Excel, SQL",2025-07-30
AI/ML Intern,NeuroNet,Mumbai,Online,3 Months,0,"Python, TensorFlow, Machine Learning",2025-08-10
Graphic Design Intern,DesignHive,Chennai,Offline,1 Month,2000,"Photoshop, Illustrator",2025-07-19
HR Intern,Talentify,Chennai,Offline,3 Months,5000,"Communication, Recruitment",2025-09-05
AI/ML Intern,NeuroNet,Remote,Offline,3 Months,5000,"Python, TensorFlow, Machine Learning",2025-08-02
Marketing Intern,MarketGurus,Kolkata,Offline,6 Months,5000,"SEO, Content Writing",2025-07-21
Finance Intern,FinVision,Kolkata,Online,1 Month,0,"Finance, Excel, Tally",2025-08-24
AI/ML Intern,NeuroNet,Chennai,Hybrid,3 Months,2000,"Python, TensorFlow, Machine Learning",2025-09-02
Marketing Intern,MarketGurus,Bangalore,Offline,6 Months,10000,"SEO, Content Writing",2025-08-22
Web Developer Intern,WebWorks,Hyderabad,Hybrid,6 Months,5000,"HTML, CSS, JavaScript",2025-09-02
Graphic Design Intern,DesignHive,Mumbai,Online,3 Months,8000,"Photoshop, Illustrator",2025-07-27
Finance Intern,FinVision,Chennai,Offline,2 Months,8000,"Finance, Excel, Tally",2025-08-26
Data Analyst Intern,TechNova,Hyderabad,Offline,2 Months,5000,"Python, Excel, SQL",2025-07-20
HR Intern,Talentify,Kolkata,Hybrid,3 Months,5000,"Communication, Recruitment",2025-09-01
Content Writing Intern,WriteRight,Hyderabad,Hybrid,3 Months,0,"Creative Writing, Editing",2025-07-19
AI/ML Intern,NeuroNet,Chennai,Online,1 Month,5000,"Python, TensorFlow, Machine Learning",2025-08-04
HR Intern,Talentify,Delhi,Online,2 Months,2000,"Communication, Recruitment",2025-08-30
AI/ML Intern,NeuroNet,Chennai,Offline,3 Months,2000,"Python, TensorFlow, Machine Learning",2025-08-21
AI/ML Intern,NeuroNet,Mumbai,Offline,2 Months,2000,"Python, TensorFlow, Machine Learning",2025-07-27
Data Analyst Intern,TechNova,Chennai,Offline,2 Months,15000,"Python, Excel, SQL",2025-07-24
Content Writing Intern,WriteRight,Hyderabad,Online,3 Months,10000,"Creative Writing, Editing",2025-08-15
Data Analyst Intern,TechNova,Pune,Offline,3 Months,0,"Python, Excel, SQL",2025-08-23
Business Analyst Intern,BizInsight,Mumbai,Online,6 Months,15000,"Power BI, Data Analysis",2025-08-17
Social Media Intern,SocialBuzz,Bangalore,Offline,1 Month,8000,"Instagram Marketing, Facebook Ads",2025-08-14
Web Developer Intern,WebWorks,Remote,Hybrid,3 Months,0,"HTML, CSS, JavaScript",2025-08-25
Social Media Intern,SocialBuzz,Pune,Offline,2 Months,2000,"Instagram Marketing, Facebook Ads",2025-08-13
Social Media Intern,SocialBuzz,Pune,Offline,1 Month,8000,"Instagram Marketing, Facebook Ads",2025-08-28
Business Analyst Intern,BizInsight,Kolkata,Online,2 Months,10000,"Power BI, Data Analysis",2025-08-03
Finance Intern,FinVision,Remote,Online,2 Months,5000,"Finance, Excel, Tally",2025-07-22
Social Media Intern,SocialBuzz,Kolkata,Hybrid,1 Month,5000,"Instagram Marketing, Facebook Ads",2025-09-03
Finance Intern,FinVision,Hyderabad,Online,1 Month,0,"Finance, Excel, Tally",2025-07-18
Finance Intern,FinVision,Delhi,Online,6 Months,10000,"Finance, Excel, Tally",2025-08-15
Web Developer Intern,WebWorks,Kolkata,Hybrid,6 Months,10000,"HTML, CSS, JavaScript",2025-08-10
Content Writing Intern,WriteRight,Kolkata,Online,2 Months,8000,"Creative Writing, Editing",2025-08-12
Data Analyst Intern,TechNova,Bangalore,Offline,6 Months,0,"Python, Excel, SQL",2025-08-18
HR Intern,Talentify,Hyderabad,Offline,3 Months,15000,"Communication, Recruitment",2025-07-24
Data Analyst Intern,TechNova,Hyderabad,Hybrid,2 Months,2000,"Python, Excel, SQL",2025-07-31
Graphic Design Intern,DesignHive,Bangalore,Online,6 Months,8000,"Photoshop, Illustrator",2025-08-30
Content Writing Intern,WriteRight,Bangalore,Hybrid,3 Months,8000,"Creative Writing, Editing",2025-07-13
Content Writing Intern,WriteRight,Remote,Online,6 Months,0,"Creative Writing, Editing",2025-09-05
Web Developer Intern,WebWorks,Mumbai,Online,3 Months,0,"HTML, CSS, JavaScript",2025-08-03
HR Intern,Talentify,Kolkata,Hybrid,6 Months,8000,"Communication, Recruitment",2025-07-19
Content Writing Intern,WriteRight,Hyderabad,Hybrid,6 Months,2000,"Creative Writing, Editing",2025-08-28
HR Intern,Talentify,Mumbai,Offline,6 Months,0,"Communication, Recruitment",2025-07-23
Finance Intern,FinVision,Mumbai,Online,1 Month,2000,"Finance, Excel, Tally",2025-08-26
Web Developer Intern,WebWorks,Hyderabad,Online,1 Month,10000,"HTML, CSS, JavaScript",2025-07-14
Business Analyst Intern,BizInsight,Hyderabad,Hybrid,2 Months,10000,"Power BI, Data Analysis",2025-08-27
AI/ML Intern,NeuroNet,Delhi,Online,3 Months,5000,"Python, TensorFlow, Machine Learning",2025-07-16
Graphic Design Intern,DesignHive,Pune,Hybrid,6 Months,5000,"Photoshop, Illustrator",2025-07-19
Social Media Intern,SocialBuzz,Hyderabad,Offline,1 Month,0,"Instagram Marketing, Facebook Ads",2025-08-25
Marketing Intern,MarketGurus,Delhi,Offline,2 Months,10000,"SEO, Content Writing",2025-08-15
Finance Intern,FinVision,Bangalore,Hybrid,6 Months,8000,"Finance, Excel, Tally",2025-08-23
Social Media Intern,SocialBuzz,Mumbai,Hybrid,2 Months,5000,"Instagram Marketing, Facebook Ads",2025-08-03
Graphic Design Intern,DesignHive,Hyderabad,Hybrid,3 Months,2000,"Photoshop, Illustrator",2025-07-30
Social Media Intern,SocialBuzz,Mumbai,Offline,6 Months,15000,"Instagram Marketing, Facebook Ads",2025-09-03
HR Intern,Talentify,Mumbai,Hybrid,3 Months,2000,"Communication, Recruitment",2025-07-26
Web Developer Intern,WebWorks,Chennai,Online,2 Months,5000,"HTML, CSS, JavaScript",2025-07-17
Graphic Design Intern,DesignHive,Kolkata,Hybrid,3 Months,0,"Photoshop, Illustrator",2025-07-17
Web Developer Intern,WebWorks,Chennai,Offline,6 Months,5000,"HTML, CSS, JavaScript",2025-07-20
Marketing Intern,MarketGurus,Kolkata,Online,1 Month,0,"SEO, Content Writing",2025-08-07
Content Writing Intern,WriteRight,Bangalore,Online,1 Month,0,"Creative Writing, Editing",2025-07-26
AI/ML Intern,NeuroNet,Pune,Hybrid,6 Months,10000,"Python, TensorFlow, Machine Learning",2025-07-24
AI/ML Intern,NeuroNet,Hyderabad,Offline,3 Months,10000,"Python, TensorFlow, Machine Learning",2025-09-04
AI/ML Intern,NeuroNet,Mumbai,Online,1 Month,8000,"Python, TensorFlow, Machine Learning",2025-08-19
Finance Intern,FinVision,Mumbai,Hybrid,1 Month,0,"Finance, Excel, Tally",2025-08-02
Marketing Intern,MarketGurus,Delhi,Offline,6 Months,10000,"SEO, Content Writing",2025-08-03
Marketing Intern,MarketGurus,Delhi,Offline,2 Months,5000,"SEO, Content Writing",2025-08-11
Content Writing Intern,WriteRight,Kolkata,Hybrid,1 Month,15000,"Creative Writing, Editing",2025-07-30
HR Intern,Talentify,Bangalore,Online,1 Month,0,"Communication, Recruitment",2025-09-04
Finance Intern,FinVision,Remote,Online,6 Months,0,"Finance, Excel, Tally",2025-08-14
Finance Intern,FinVision,Delhi,Offline,3 Months,0,"Finance, Excel, Tally",2025-08-20
Web Developer Intern,WebWorks,Remote,Online,2 Months,5000,"HTML, CSS, JavaScript",2025-08-21
Business Analyst Intern,BizInsight,Mumbai,Online,3 Months,0,"Power BI, Data Analysis",2025-07-13
Finance Intern,FinVision,Kolkata,Online,1 Month,5000,"Finance, Excel, Tally",2025-07-21
Marketing Intern,MarketGurus,Chennai,Online,2 Months,2000,"SEO, Content Writing",2025-08-12
HR Intern,Talentify,Hyderabad,Hybrid,2 Months,10000,"Communication, Recruitment",2025-08-28
Content Writing Intern,WriteRight,Chennai,Offline,1 Month,15000,"Creative Writing, Editing",2025-08-09
Finance Intern,FinVision,Delhi,Online,6 Months,2000,"Finance, Excel, Tally",2025-08-18
Content Writing Intern,WriteRight,Chennai,Offline,3 Months,0,"Creative Writing, Editing",2025-08-16
HR Intern,Talentify,Chennai,Online,6 Months,0,"Communication, Recruitment",2025-07-21
Finance Intern,FinVision,Chennai,Offline,2 Months,0,"Finance, Excel, Tally",2025-07-19
Social Media Intern,SocialBuzz,Remote,Hybrid,3 Months,8000,"Instagram Marketing, Facebook Ads",2025-09-06
Finance Intern,FinVision,Mumbai,Online,2 Months,2000,"Finance, Excel, Tally",2025-08-18
HR Intern,Talentify,Pune,Online,1 Month,10000,"Communication, Recruitment",2025-08-09
Finance Intern,FinVision,Bangalore,Hybrid,3 Months,5000,"Finance, Excel, Tally",2025-08-09
Web Developer Intern,WebWorks,Remote,Online,3 Months,0,"HTML, CSS, JavaScript",2025-08-27
Web Developer Intern,WebWorks,Remote,Online,2 Months,0,"HTML, CSS, JavaScript",2025-07-17
AI/ML Intern,NeuroNet,Delhi,Hybrid,2 Months,8000,"Python, TensorFlow, Machine Learning",2025-08-26
Content Writing Intern,WriteRight,Kolkata,Offline,1 Month,5000,"Creative Writing, Editing",2025-08-30
AI/ML Intern,NeuroNet,Mumbai,Online,1 Month,15000,"Python, TensorFlow, Machine Learning",2025-07-19
HR Intern,Talentify,Delhi,Online,1 Month,0,"Communication, Recruitment",2025-07-21
Web Developer Intern,WebWorks,Pune,Online,6 Months,2000,"HTML, CSS, JavaScript",2025-07-13
Marketing Intern,MarketGurus,Delhi,Online,6 Months,2000,"SEO, Content Writing",2025-08-18
Web Developer Intern,WebWorks,Bangalore,Online,1 Month,0,"HTML, CSS, JavaScript",2025-08-26
Data Analyst Intern,TechNova,Pune,Hybrid,3 Months,0,"Python, Excel, SQL",2025-08-14
Marketing Intern,MarketGurus,Bangalore,Online,1 Month,15000,"SEO, Content Writing",2025-07-17
Content Writing Intern,WriteRight,Hyderabad,Online,3 Months,0,"Creative Writing, Editing",2025-09-06
HR Intern,Talentify,Bangalore,Hybrid,2 Months,10000,"Communication, Recruitment",2025-08-06
Graphic Design Intern,DesignHive,Kolkata,Online,6 Months,2000,"Photoshop, Illustrator",2025-07-31
AI/ML Intern,NeuroNet,Delhi,Online,1 Month,0,"Python, TensorFlow, Machine Learning",2025-07-16
Data Analyst Intern,TechNova,Kolkata,Hybrid,6 Months,0,"Python, Excel, SQL",2025-08-16
Web Developer Intern,WebWorks,Chennai,Hybrid,2 Months,2000,"HTML, CSS, JavaScript",2025-07-27
Data Analyst Intern,TechNova,Chennai,Offline,1 Month,15000,"Python, Excel, SQL",2025-08-22
Social Media Intern,SocialBuzz,Hyderabad,Online,6 Months,8000,"Instagram Marketing, Facebook Ads",2025-08-10
Business Analyst Intern,BizInsight,Kolkata,Offline,2 Months,0,"Power BI, Data Analysis",2025-07-31
Marketing Intern,MarketGurus,Chennai,Offline,3 Months,2000,"SEO, Content Writing",2025-07-15
Finance Intern,FinVision,Kolkata,Offline,1 Month,5000,"Finance, Excel, Tally",2025-08-05
Social Media Intern,SocialBuzz,Pune,Offline,3 Months,15000,"Instagram Marketing, Facebook Ads",2025-09-05
Graphic Design Intern,DesignHive,Pune,Hybrid,1 Month,10000,"Photoshop, Illustrator",2025-08-05
Web Developer Intern,WebWorks,Hyderabad,Online,1 Month,10000,"HTML, CSS, JavaScript",2025-07-29
Data Analyst Intern,TechNova,Kolkata,Hybrid,6 Months,8000,"Python, Excel, SQL",2025-08-19
Business Analyst Intern,BizInsight,Delhi,Hybrid,1 Month,5000,"Power BI, Data Analysis",2025-09-04
Graphic Design Intern,DesignHive,Kolkata,Offline,6 Months,8000,"Photoshop, Illustrator",2025-08-06
Web Developer Intern,WebWorks,Chennai,Offline,2 Months,15000,"HTML, CSS, JavaScript",2025-07-26
Business Analyst Intern,BizInsight,Hyderabad,Hybrid,3 Months,5000,"Power BI, Data Analysis",2025-07-27
Graphic Design Intern,DesignHive,Kolkata,Online,3 Months,10000,"Photoshop, Illustrator",2025-08-12
HR Intern,Talentify,Hyderabad,Offline,2 Months,0,"Communication, Recruitment",2025-09-06
Data Analyst Intern,TechNova,Kolkata,Hybrid,2 Months,5000,"Python, Excel, SQL",2025-08-24
Web Developer Intern,WebWorks,Delhi,Hybrid,2 Months,0,"HTML, CSS, JavaScript",2025-08-20
Graphic Design Intern,DesignHive,Mumbai,Offline,6 Months,15000,"Photoshop, Illustrator",2025-07-17
Social Media Intern,SocialBuzz,Delhi,Online,6 Months,2000,"Instagram Marketing, Facebook Ads",2025-07-14
AI/ML Intern,NeuroNet,Hyderabad,Hybrid,3 Months,10000,"Python, TensorFlow, Machine Learning",2025-08-20
Content Writing Intern,WriteRight,Kolkata,Offline,3 Months,2000,"Creative Writing, Editing",2025-07-13
Marketing Intern,MarketGurus,Pune,Hybrid,1 Month,0,"SEO, Content Writing",2025-09-06
Social Media Intern,SocialBuzz,Mumbai,Hybrid,3 Months,10000,"Instagram Marketing, Facebook Ads",2025-07-13
HR Intern,Talentify,Pune,Offline,2 Months,15000,"Communication, Recruitment",2025-08-22
Content Writing Intern,WriteRight,Bangalore,Offline,2 Months,8000,"Creative Writing, Editing",2025-07-20
Marketing Intern,MarketGurus,Mumbai,Online,1 Month,2000,"SEO, Content Writing",2025-08-14
Social Media Intern,SocialBuzz,Remote,Offline,2 Months,0,"Instagram Marketing, Facebook Ads",2025-09-02
Finance Intern,FinVision,Bangalore,Offline,6 Months,2000,"Finance, Excel, Tally",2025-08-31
Web Developer Intern,WebWorks,Mumbai,Online,1 Month,8000,"HTML, CSS, JavaScript",2025-08-24
Content Writing Intern,WriteRight,Hyderabad,Offline,3 Months,2000,"Creative Writing, Editing",2025-08-02
Data Analyst Intern,TechNova,Mumbai,Offline,6 Months,5000,"Python, Excel, SQL",2025-07-14
Graphic Design Intern,DesignHive,Hyderabad,Offline,6 Months,0,"Photoshop, Illustrator",2025-08-14
Marketing Intern,MarketGurus,Bangalore,Online,3 Months,15000,"SEO, Content Writing",2025-08-31
AI/ML Intern,NeuroNet,Bangalore,Offline,6 Months,10000,"Python, TensorFlow, Machine Learning",2025-07-26
Content Writing Intern,WriteRight,Chennai,Hybrid,6 Months,8000,"Creative Writing, Editing",2025-08-22
AI/ML Intern,NeuroNet,Kolkata,Hybrid,1 Month,0,"Python, TensorFlow, Machine Learning",2025-08-08
Web Developer Intern,WebWorks,Delhi,Hybrid,2 Months,2000,"HTML, CSS, JavaScript",2025-08-17
Business Analyst Intern,BizInsight,Mumbai,Hybrid,1 Month,0,"Power BI, Data Analysis",2025-09-02
Graphic Design Intern,DesignHive,Pune,Offline,2 Months,5000,"Photoshop, Illustrator",2025-08-10
Graphic Design Intern,DesignHive,Hyderabad,Online,1 Month,15000,"Photoshop, Illustrator",2025-07-16
Content Writing Intern,WriteRight,Bangalore,Online,3 Months,10000,"Creative Writing, Editing",2025-07-23
Graphic Design Intern,DesignHive,Bangalore,Online,2 Months,2000,"Photoshop, Illustrator",2025-08-04
Content Writing Intern,WriteRight,Chennai,Hybrid,2 Months,8000,"Creative Writing, Editing",2025-08-18
Content Writing Intern,WriteRight,Kolkata,Offline,6 Months,10000,"Creative Writing, Editing",2025-08-03
Business Analyst Intern,BizInsight,Hyderabad,Online,2 Months,0,"Power BI, Data Analysis",2025-08-26
Web Developer Intern,WebWorks,Remote,Online,2 Months,0,"HTML, CSS, JavaScript",2025-07-22
HR Intern,Talentify,Chennai,Offline,6 Months,0,"Communication, Recruitment",2025-08-31
Content Writing Intern,WriteRight,Bangalore,Offline,3 Months,2000,"Creative Writing, Editing",2025-07-28
AI/ML Intern,NeuroNet,Kolkata,Hybrid,6 Months,8000,"Python, TensorFlow, Machine Learning",2025-08-20
Finance Intern,FinVision,Chennai,Hybrid,3 Months,8000,"Finance, Excel, Tally",2025-07-28
Finance Intern,FinVision,Hyderabad,Hybrid,6 Months,5000,"Finance, Excel, Tally",2025-07-31
Graphic Design Intern,DesignHive,Delhi,Online,3 Months,2000,"Photoshop, Illustrator",2025-08-14
Web Developer Intern,WebWorks,Chennai,Online,2 Months,15000,"HTML, CSS, JavaScript",2025-08-19
Content Writing Intern,WriteRight,Remote,Online,3 Months,0,"Creative Writing, Editing",2025-08-06
Business Analyst Intern,BizInsight,Remote,Hybrid,6 Months,10000,"Power BI, Data Analysis",2025-07-16
Content Writing Intern,WriteRight,Remote,Offline,2 Months,8000,"Creative Writing, Editing",2025-08-23
Finance Intern,FinVision,Mumbai,Offline,2 Months,2000,"Finance, Excel, Tally",2025-07-16
Social Media Intern,SocialBuzz,Mumbai,Offline,2 Months,2000,"Instagram Marketing, Facebook Ads",2025-08-05
AI/ML Intern,NeuroNet,Pune,Online,6 Months,2000,"Python, TensorFlow, Machine Learning",2025-08-26
Finance Intern,FinVision,Chennai,Online,2 Months,5000,"Finance, Excel, Tally",2025-07-13
Business Analyst Intern,BizInsight,Hyderabad,Online,3 Months,0,"Power BI, Data Analysis",2025-07-13
Business Analyst Intern,BizInsight,Delhi,Online,2 Months,10000,"Power BI, Data Analysis",2025-08-19
AI/ML Intern,NeuroNet,Chennai,Hybrid,2 Months,0,"Python, TensorFlow, Machine Learning",2025-08-29
Graphic Design Intern,DesignHive,Pune,Hybrid,6 Months,8000,"Photoshop, Illustrator",2025-09-01
Graphic Design Intern,DesignHive,Bangalore,Offline,3 Months,0,"Photoshop, Illustrator",2025-08-03
Social Media Intern,SocialBuzz,Hyderabad,Offline,2 Months,8000,"Instagram Marketing, Facebook Ads",2025-07-28
Data Analyst Intern,TechNova,Pune,Online,2 Months,2000,"Python, Excel, SQL",2025-08-30
Data Analyst Intern,TechNova,Pune,Hybrid,2 Months,2000,"Python, Excel, SQL",2025-07-27
AI/ML Intern,NeuroNet,Remote,Online,6 Months,0,"Python, TensorFlow, Machine Learning",2025-07-18
AI/ML Intern,NeuroNet,Delhi,Offline,6 Months,5000,"Python, TensorFlow, Machine Learning",2025-07-18
Business Analyst Intern,BizInsight,Delhi,Hybrid,6 Months,2000,"Power BI, Data Analysis",2025-08-13
Content Writing Intern,WriteRight,Remote,Offline,2 Months,8000,"Creative Writing, Editing",2025-08-26
Data Analyst Intern,TechNova,Delhi,Hybrid,2 Months,15000,"Python, Excel, SQL",2025-08-15
Content Writing Intern,WriteRight,Delhi,Offline,3 Months,5000,"Creative Writing, Editing",2025-08-08
Business Analyst Intern,BizInsight,Delhi,Hybrid,6 Months,2000,"Power BI, Data Analysis",2025-09-03
Web Developer Intern,WebWorks,Delhi,Offline,3 Months,10000,"HTML, CSS, JavaScript",2025-08-30
HR Intern,Talentify,Hyderabad,Online,6 Months,15000,"Communication, Recruitment",2025-07-17
Data Analyst Intern,TechNova,Bangalore,Offline,6 Months,8000,"Python, Excel, SQL",2025-07-28
Business Analyst Intern,BizInsight,Bangalore,Hybrid,3 Months,15000,"Power BI, Data Analysis",2025-09-05
Data Analyst Intern,TechNova,Delhi,Hybrid,2 Months,2000,"Python, Excel, SQL",2025-08-05
Content Writing Intern,WriteRight,Chennai,Offline,3 Months,10000,"Creative Writing, Editing",2025-08-01
Content Writing Intern,WriteRight,Chennai,Online,6 Months,0,"Creative Writing, Editing",2025-08-11
Social Media Intern,SocialBuzz,Chennai,Hybrid,2 Months,10000,"Instagram Marketing, Facebook Ads",2025-07-24
Web Developer Intern,WebWorks,Chennai,Offline,2 Months,0,"HTML, CSS, JavaScript",2025-07-31
Data Analyst Intern,TechNova,Bangalore,Offline,6 Months,15000,"Python, Excel, SQL",2025-09-02
Social Media Intern,SocialBuzz,Delhi,Hybrid,3 Months,10000,"Instagram Marketing, Facebook Ads",2025-08-23
Data Analyst Intern,TechNova,Pune,Hybrid,6 Months,8000,"Python, Excel, SQL",2025-09-02
Finance Intern,FinVision,Hyderabad,Hybrid,3 Months,5000,"Finance, Excel, Tally",2025-08-24
Content Writing Intern,WriteRight,Pune,Online,1 Month,10000,"Creative Writing, Editing",2025-08-09
Graphic Design Intern,DesignHive,Delhi,Hybrid,3 Months,8000,"Photoshop, Illustrator",2025-08-28
Web Developer Intern,WebWorks,Hyderabad,Hybrid,1 Month,5000,"HTML, CSS, JavaScript",2025-08-30
Web Developer Intern,WebWorks,Chennai,Offline,6 Months,2000,"HTML, CSS, JavaScript",2025-08-22
Business Analyst Intern,BizInsight,Remote,Online,3 Months,15000,"Power BI, Data Analysis",2025-07-31
Marketing Intern,MarketGurus,Hyderabad,Hybrid,2 Months,0,"SEO, Content Writing",2025-08-26
Data Analyst Intern,TechNova,Bangalore,Online,2 Months,15000,"Python, Excel, SQL",2025-08-08
Finance Intern,FinVision,Kolkata,Offline,6 Months,5000,"Finance, Excel, Tally",2025-07-14
AI/ML Intern,NeuroNet,Kolkata,Hybrid,6 Months,10000,"Python, TensorFlow, Machine Learning",2025-08-24
Marketing Intern,MarketGurus,Hyderabad,Offline,3 Months,15000,"SEO, Content Writing",2025-08-03
Social Media Intern,SocialBuzz,Mumbai,Hybrid,1 Month,15000,"Instagram Marketing, Facebook Ads",2025-08-10
Finance Intern,FinVision,Hyderabad,Offline,1 Month,0,"Finance, Excel, Tally",2025-07-16
Finance Intern,FinVision,Remote,Hybrid,3 Months,5000,"Finance, Excel, Tally",2025-07-13
AI/ML Intern,NeuroNet,Hyderabad,Offline,1 Month,8000,"Python, TensorFlow, Machine Learning",2025-07-22
Content Writing Intern,WriteRight,Delhi,Offline,1 Month,15000,"Creative Writing, Editing",2025-08-21
Social Media Intern,SocialBuzz,Chennai,Online,2 Months,0,"Instagram Marketing, Facebook Ads",2025-08-19
Web Developer Intern,WebWorks,Pune,Offline,1 Month,0,"HTML, CSS, JavaScript",2025-08-12
Marketing Intern,MarketGurus,Kolkata,Hybrid,3 Months,10000,"SEO, Content Writing",2025-08-28
Business Analyst Intern,BizInsight,Kolkata,Online,1 Month,0,"Power BI, Data Analysis",2025-07-20
Graphic Design Intern,DesignHive,Chennai,Offline,2 Months,15000,"Photoshop, Illustrator",2025-09-03
Social Media Intern,SocialBuzz,Kolkata,Offline,2 Months,15000,"Instagram Marketing, Facebook Ads",2025-07-27
Graphic Design Intern,DesignHive,Kolkata,Hybrid,1 Month,15000,"Photoshop, Illustrator",2025-07-31
Content Writing Intern,WriteRight,Bangalore,Online,1 Month,2000,"Creative Writing, Editing",2025-08-27
Graphic Design Intern,DesignHive,Bangalore,Offline,2 Months,8000,"Photoshop, Illustrator",2025-08-21
Marketing Intern,MarketGurus,Mumbai,Offline,3 Months,2000,"SEO, Content Writing",2025-08-08
Finance Intern,FinVision,Chennai,Online,2 Months,8000,"Finance, Excel, Tally",2025-08-13
Graphic Design Intern,DesignHive,Delhi,Hybrid,3 Months,5000,"Photoshop, Illustrator",2025-08-23
Web Developer Intern,WebWorks,Delhi,Offline,1 Month,0,"HTML, CSS, JavaScript",2025-08-14
Content Writing Intern,WriteRight,Hyderabad,Offline,2 Months,10000,"Creative Writing, Editing",2025-07-16
Graphic Design Intern,DesignHive,Chennai,Hybrid,3 Months,15000,"Photoshop, Illustrator",2025-07-31
Finance Intern,FinVision,Remote,Online,6 Months,10000,"Finance, Excel, Tally",2025-07-17
AI/ML Intern,NeuroNet,Bangalore,Hybrid,3 Months,2000,"Python, TensorFlow, Machine Learning",2025-08-10
Data Analyst Intern,TechNova,Chennai,Offline,1 Month,10000,"Python, Excel, SQL",2025-08-31
Finance Intern,FinVision,Remote,Offline,2 Months,10000,"Finance, Excel, Tally",2025-08-11
Marketing Intern,MarketGurus,Pune,Online,2 Months,0,"SEO, Content Writing",2025-09-05
HR Intern,Talentify,Pune,Offline,2 Months,0,"Communication, Recruitment",2025-07-28
Content Writing Intern,WriteRight,Mumbai,Online,2 Months,10000,"Creative Writing, Editing",2025-07-28
Social Media Intern,SocialBuzz,Pune,Online,3 Months,2000,"Instagram Marketing, Facebook Ads",2025-08-24
AI/ML Intern,NeuroNet,Hyderabad,Online,2 Months,10000,"Python, TensorFlow, Machine Learning",2025-08-31
HR Intern,Talentify,Hyderabad,Online,6 Months,8000,"Communication, Recruitment",2025-09-05
HR Intern,Talentify,Bangalore,Offline,3 Months,2000,"Communication, Recruitment",2025-08-14
HR Intern,Talentify,Mumbai,Offline,3 Months,5000,"Communication, Recruitment",2025-07-26
Web Developer Intern,WebWorks,Hyderabad,Online,3 Months,8000,"HTML, CSS, JavaScript",2025-07-23
Data Analyst Intern,TechNova,Hyderabad,Hybrid,3 Months,10000,"Python, Excel, SQL",2025-07-29
AI/ML Intern,NeuroNet,Pune,Online,3 Months,10000,"Python, TensorFlow, Machine Learning",2025-07-27
Graphic Design Intern,DesignHive,Mumbai,Online,6 Months,8000,"Photoshop, Illustrator",2025-08-26
Web Developer Intern,WebWorks,Mumbai,Online,3 Months,10000,"HTML, CSS, JavaScript",2025-08-04
AI/ML Intern,NeuroNet,Chennai,Online,3 Months,5000,"Python, TensorFlow, Machine Learning",2025-08-18
Graphic Design Intern,DesignHive,Delhi,Offline,2 Months,15000,"Photoshop, Illustrator",2025-08-14
Data Analyst Intern,TechNova,Remote,Online,3 Months,5000,"Python, Excel, SQL",2025-08-12
Marketing Intern,MarketGurus,Bangalore,Offline,6 Months,2000,"SEO, Content Writing",2025-07-16
Content Writing Intern,WriteRight,Chennai,Online,6 Months,8000,"Creative Writing, Editing",2025-07-14
AI/ML Intern,NeuroNet,Kolkata,Online,1 Month,0,"Python, TensorFlow, Machine Learning",2025-07-28
AI/ML Intern,NeuroNet,Hyderabad,Offline,2 Months,10000,"Python, TensorFlow, Machine Learning",2025-07-21
Marketing Intern,MarketGurus,Mumbai,Online,6 Months,2000,"SEO, Content Writing",2025-07-14
Finance Intern,FinVision,Mumbai,Online,3 Months,8000,"Finance, Excel, Tally",2025-07-19
Business Analyst Intern,BizInsight,Mumbai,Offline,6 Months,15000,"Power BI, Data Analysis",2025-09-02
HR Intern,Talentify,Kolkata,Offline,6 Months,5000,"Communication, Recruitment",2025-08-07
Finance Intern,FinVision,Kolkata,Online,1 Month,5000,"Finance, Excel, Tally",2025-07-14
Social Media Intern,SocialBuzz,Remote,Online,2 Months,0,"Instagram Marketing, Facebook Ads",2025-09-05
Finance Intern,FinVision,Remote,Hybrid,3 Months,10000,"Finance, Excel, Tally",2025-08-10
Finance Intern,FinVision,Bangalore,Hybrid,2 Months,5000,"Finance, Excel, Tally",2025-07-31
Data Analyst Intern,TechNova,Delhi,Offline,6 Months,5000,"Python, Excel, SQL",2025-08-20
HR Intern,Talentify,Remote,Hybrid,6 Months,5000,"Communication, Recruitment",2025-07-31
AI/ML Intern,NeuroNet,Chennai,Online,6 Months,0,"Python, TensorFlow, Machine Learning",2025-07-27
HR Intern,Talentify,Kolkata,Offline,2 Months,0,"Communication, Recruitment",2025-07-13
Social Media Intern,SocialBuzz,Delhi,Online,1 Month,0,"Instagram Marketing, Facebook Ads",2025-07-16
Web Developer Intern,WebWorks,Delhi,Offline,1 Month,10000,"HTML, CSS, JavaScript",2025-08-21
Business Analyst Intern,BizInsight,Mumbai,Online,1 Month,10000,"Power BI, Data Analysis",2025-08-03
AI/ML Intern,NeuroNet,Delhi,Offline,3 Months,8000,"Python, TensorFlow, Machine Learning",2025-07-29
Marketing Intern,MarketGurus,Chennai,Hybrid,3 Months,5000,"SEO, Content Writing",2025-08-04
HR Intern,Talentify,Remote,Hybrid,2 Months,0,"Communication, Recruitment",2025-08-26
Web Developer Intern,WebWorks,Remote,Hybrid,2 Months,0,"HTML, CSS, JavaScript",2025-08-17
Finance Intern,FinVision,Bangalore,Online,6 Months,15000,"Finance, Excel, Tally",2025-07-15
AI/ML Intern,NeuroNet,Hyderabad,Online,3 Months,10000,"Python, TensorFlow, Machine Learning",2025-08-26
AI/ML Intern,NeuroNet,Kolkata,Online,6 Months,10000,"Python, TensorFlow, Machine Learning",2025-08-20
Business Analyst Intern,BizInsight,Remote,Offline,3 Months,0,"Power BI, Data Analysis",2025-07-23
Content Writing Intern,WriteRight,Hyderabad,Hybrid,3 Months,8000,"Creative Writing, Editing",2025-08-18
Web Developer Intern,WebWorks,Remote,Online,6 Months,15000,"HTML, CSS, JavaScript",2025-08-26
Business Analyst Intern,BizInsight,Delhi,Hybrid,3 Months,2000,"Power BI, Data Analysis",2025-08-16
Business Analyst Intern,BizInsight,Pune,Offline,2 Months,0,"Power BI, Data Analysis",2025-08-22
Social Media Intern,SocialBuzz,Kolkata,Online,3 Months,0,"Instagram Marketing, Facebook Ads",2025-07-31
Data Analyst Intern,TechNova,Bangalore,Hybrid,3 Months,2000,"Python, Excel, SQL",2025-08-29
Business Analyst Intern,BizInsight,Pune,Offline,6 Months,2000,"Power BI, Data Analysis",2025-08-21
HR Intern,Talentify,Hyderabad,Offline,1 Month,8000,"Communication, Recruitment",2025-08-09
Data Analyst Intern,TechNova,Pune,Online,2 Months,5000,"Python, Excel, SQL",2025-07-22
AI/ML Intern,NeuroNet,Hyderabad,Offline,6 Months,15000,"Python, TensorFlow, Machine Learning",2025-08-06
Finance Intern,FinVision,Pune,Online,6 Months,5000,"Finance, Excel, Tally",2025-07-31
Graphic Design Intern,DesignHive,Delhi,Offline,3 Months,10000,"Photoshop, Illustrator",2025-07-26
Web Developer Intern,WebWorks,Mumbai,Online,6 Months,10000,"HTML, CSS, JavaScript",2025-08-08
HR Intern,Talentify,Kolkata,Offline,6 Months,0,"Communication, Recruitment",2025-08-02
Marketing Intern,MarketGurus,Remote,Online,6 Months,15000,"SEO, Content Writing",2025-07-24
Graphic Design Intern,DesignHive,Pune,Hybrid,1 Month,8000,"Photoshop, Illustrator",2025-09-05
Marketing Intern,MarketGurus,Chennai,Hybrid,3 Months,8000,"SEO, Content Writing",2025-08-21
Content Writing Intern,WriteRight,Pune,Offline,2 Months,10000,"Creative Writing, Editing",2025-09-04
Marketing Intern,MarketGurus,Mumbai,Hybrid,1 Month,0,"SEO, Content Writing",2025-08-03
Finance Intern,FinVision,Kolkata,Offline,6 Months,5000,"Finance, Excel, Tally",2025-08-12
Finance Intern,FinVision,Mumbai,Hybrid,1 Month,8000,"Finance, Excel, Tally",2025-07-29
Web Developer Intern,WebWorks,Chennai,Online,2 Months,2000,"HTML, CSS, JavaScript",2025-07-31
Business Analyst Intern,BizInsight,Mumbai,Offline,1 Month,0,"Power BI, Data Analysis",2025-08-30
Business Analyst Intern,BizInsight,Remote,Offline,3 Months,0,"Power BI, Data Analysis",2025-09-01
Social Media Intern,SocialBuzz,Mumbai,Online,6 Months,5000,"Instagram Marketing, Facebook Ads",2025-09-03
HR Intern,Talentify,Remote,Offline,2 Months,10000,"Communication, Recruitment",2025-09-06
HR Intern,Talentify,Delhi,Offline,3 Months,0,"Communication, Recruitment",2025-08-14
Finance Intern,FinVision,Kolkata,Online,2 Months,15000,"Finance, Excel, Tally",2025-08-07
Web Developer Intern,WebWorks,Delhi,Online,2 Months,15000,"HTML, CSS, JavaScript",2025-08-25
Finance Intern,FinVision,Pune,Offline,1 Month,8000,"Finance, Excel, Tally",2025-08-26
Finance Intern,FinVision,Bangalore,Offline,3 Months,5000,"Finance, Excel, Tally",2025-07-13
HR Intern,Talentify,Chennai,Hybrid,1 Month,2000,"Communication, Recruitment",2025-07-13
Social Media Intern,SocialBuzz,Pune,Offline,2 Months,0,"Instagram Marketing, Facebook Ads",2025-08-24
AI/ML Intern,NeuroNet,Bangalore,Hybrid,3 Months,2000,"Python, TensorFlow, Machine Learning",2025-08-07
Finance Intern,FinVision,Mumbai,Offline,6 Months,5000,"Finance, Excel, Tally",2025-08-21
Graphic Design Intern,DesignHive,Bangalore,Offline,1 Month,10000,"Photoshop, Illustrator",2025-08-30
Finance Intern,FinVision,Bangalore,Hybrid,3 Months,8000,"Finance, Excel, Tally",2025-07-24
HR Intern,Talentify,Delhi,Offline,2 Months,5000,"Communication, Recruitment",2025-08-13
Content Writing Intern,WriteRight,Pune,Online,3 Months,10000,"Creative Writing, Editing",2025-09-04
Business Analyst Intern,BizInsight,Kolkata,Online,1 Month,8000,"Power BI, Data Analysis",2025-08-22
Finance Intern,FinVision,Chennai,Offline,1 Month,0,"Finance, Excel, Tally",2025-07-22
Marketing Intern,MarketGurus,Hyderabad,Hybrid,3 Months,10000,"SEO, Content Writing",2025-07-27
AI/ML Intern,NeuroNet,Mumbai,Offline,3 Months,0,"Python, TensorFlow, Machine Learning",2025-09-06
Web Developer Intern,WebWorks,Delhi,Online,6 Months,5000,"HTML, CSS, JavaScript",2025-08-15
Social Media Intern,SocialBuzz,Bangalore,Offline,3 Months,2000,"Instagram Marketing, Facebook Ads",2025-07-25
Marketing Intern,MarketGurus,Delhi,Hybrid,2 Months,2000,"SEO, Content Writing",2025-08-01
HR Intern,Talentify,Chennai,Offline,6 Months,2000,"Communication, Recruitment",2025-08-14
Web Developer Intern,WebWorks,Delhi,Offline,6 Months,10000,"HTML, CSS, JavaScript",2025-07-31
Marketing Intern,MarketGurus,Delhi,Hybrid,2 Months,0,"SEO, Content Writing",2025-07-19
Graphic Design Intern,DesignHive,Delhi,Hybrid,6 Months,10000,"Photoshop, Illustrator",2025-08-28
Content Writing Intern,WriteRight,Chennai,Offline,6 Months,8000,"Creative Writing, Editing",2025-08-01
Marketing Intern,MarketGurus,Mumbai,Hybrid,1 Month,2000,"SEO, Content Writing",2025-07-22
Content Writing Intern,WriteRight,Pune,Offline,2 Months,0,"Creative Writing, Editing",2025-09-01
Finance Intern,FinVision,Kolkata,Online,1 Month,2000,"Finance, Excel, Tally",2025-08-07
HR Intern,Talentify,Chennai,Offline,6 Months,0,"Communication, Recruitment",2025-08-08
Social Media Intern,SocialBuzz,Remote,Offline,3 Months,15000,"Instagram Marketing, Facebook Ads",2025-07-25
Marketing Intern,MarketGurus,Remote,Offline,6 Months,0,"SEO, Content Writing",2025-07-15
AI/ML Intern,NeuroNet,Bangalore,Hybrid,1 Month,0,"Python, TensorFlow, Machine Learning",2025-08-01
Marketing Intern,MarketGurus,Mumbai,Hybrid,6 Months,10000,"SEO, Content Writing",2025-07-22
Finance Intern,FinVision,Delhi,Hybrid,3 Months,5000,"Finance, Excel, Tally",2025-08-03
Social Media Intern,SocialBuzz,Chennai,Hybrid,2 Months,10000,"Instagram Marketing, Facebook Ads",2025-08-12
Web Developer Intern,WebWorks,Remote,Online,2 Months,8000,"HTML, CSS, JavaScript",2025-08-27
Data Analyst Intern,TechNova,Hyderabad,Online,3 Months,2000,"Python, Excel, SQL",2025-08-14
Web Developer Intern,WebWorks,Mumbai,Offline,3 Months,10000,"HTML, CSS, JavaScript",2025-07-17
AI/ML Intern,NeuroNet,Hyderabad,Hybrid,2 Months,8000,"Python, TensorFlow, Machine Learning",2025-07-15
Social Media Intern,SocialBuzz,Delhi,Offline,1 Month,5000,"Instagram Marketing, Facebook Ads",2025-07-13
Content Writing Intern,WriteRight,Chennai,Offline,2 Months,0,"Creative Writing, Editing",2025-08-22
Graphic Design Intern,DesignHive,Hyderabad,Online,6 Months,15000,"Photoshop, Illustrator",2025-08-28
AI/ML Intern,NeuroNet,Chennai,Online,1 Month,8000,"Python, TensorFlow, Machine Learning",2025-08-04
Graphic Design Intern,DesignHive,Mumbai,Offline,1 Month,5000,"Photoshop, Illustrator",2025-08-14
Graphic Design Intern,DesignHive,Mumbai,Hybrid,3 Months,10000,"Photoshop, Illustrator",2025-08-30
AI/ML Intern,NeuroNet,Kolkata,Online,1 Month,8000,"Python, TensorFlow, Machine Learning",2025-08-01
Content Writing Intern,WriteRight,Remote,Online,3 Months,15000,"Creative Writing, Editing",2025-08-07
Business Analyst Intern,BizInsight,Delhi,Online,3 Months,2000,"Power BI, Data Analysis",2025-08-20
Marketing Intern,MarketGurus,Delhi,Online,6 Months,10000,"SEO, Content Writing",2025-07-27
Data Analyst Intern,TechNova,Mumbai,Hybrid,1 Month,10000,"Python, Excel, SQL",2025-07-15
AI/ML Intern,NeuroNet,Delhi,Hybrid,1 Month,8000,"Python, TensorFlow, Machine Learning",2025-08-30
Marketing Intern,MarketGurus,Pune,Hybrid,1 Month,5000,"SEO, Content Writing",2025-08-22
Finance Intern,FinVision,Pune,Online,1 Month,5000,"Finance, Excel, Tally",2025-08-13
Finance Intern,FinVision,Mumbai,Hybrid,2 Months,15000,"Finance, Excel, Tally",2025-08-25
Content Writing Intern,WriteRight,Mumbai,Hybrid,1 Month,5000,"Creative Writing, Editing",2025-08-29
Graphic Design Intern,DesignHive,Chennai,Hybrid,2 Months,15000,"Photoshop, Illustrator",2025-07-21
Data Analyst Intern,TechNova,Delhi,Hybrid,6 Months,8000,"Python, Excel, SQL",2025-08-07
Content Writing Intern,WriteRight,Hyderabad,Offline,2 Months,2000,"Creative Writing, Editing",2025-09-06
Data Analyst Intern,TechNova,Remote,Offline,1 Month,10000,"Python, Excel, SQL",2025-08-13
Business Analyst Intern,BizInsight,Remote,Online,6 Months,8000,"Power BI, Data Analysis",2025-08-22
Finance Intern,FinVision,Bangalore,Offline,1 Month,15000,"Finance, Excel, Tally",2025-07-25
Finance Intern,FinVision,Remote,Hybrid,3 Months,15000,"Finance, Excel, Tally",2025-08-26
Web Developer Intern,WebWorks,Kolkata,Hybrid,6 Months,15000,"HTML, CSS, JavaScript",2025-07-22
Business Analyst Intern,BizInsight,Hyderabad,Hybrid,6 Months,8000,"Power BI, Data Analysis",2025-08-17
Business Analyst Intern,BizInsight,Mumbai,Hybrid,3 Months,5000,"Power BI, Data Analysis",2025-08-18
Graphic Design Intern,DesignHive,Hyderabad,Offline,2 Months,8000,"Photoshop, Illustrator",2025-07-22
Graphic Design Intern,DesignHive,Delhi,Hybrid,6 Months,15000,"Photoshop, Illustrator",2025-09-01
Finance Intern,FinVision,Remote,Hybrid,3 Months,2000,"Finance, Excel, Tally",2025-07-27
Data Analyst Intern,TechNova,Remote,Hybrid,1 Month,0,"Python, Excel, SQL",2025-08-31
Marketing Intern,MarketGurus,Mumbai,Hybrid,2 Months,5000,"SEO, Content Writing",2025-07-30
Social Media Intern,SocialBuzz,Bangalore,Hybrid,3 Months,15000,"Instagram Marketing, Facebook Ads",2025-07-22
Marketing Intern,MarketGurus,Hyderabad,Online,2 Months,10000,"SEO, Content Writing",2025-07-20
Social Media Intern,SocialBuzz,Bangalore,Offline,2 Months,5000,"Instagram Marketing, Facebook Ads",2025-07-15
HR Intern,Talentify,Kolkata,Hybrid,2 Months,5000,"Communication, Recruitment",2025-08-05
Web Developer Intern,WebWorks,Chennai,Offline,6 Months,15000,"HTML, CSS, JavaScript",2025-08-09
Content Writing Intern,WriteRight,Remote,Online,3 Months,8000,"Creative Writing, Editing",2025-08-13
Business Analyst Intern,BizInsight,Pune,Hybrid,3 Months,8000,"Power BI, Data Analysis",2025-08-09
AI/ML Intern,NeuroNet,Kolkata,Online,6 Months,8000,"Python, TensorFlow, Machine Learning",2025-08-07
Social Media Intern,SocialBuzz,Remote,Hybrid,6 Months,15000,"Instagram Marketing, Facebook Ads",2025-08-13
Data Analyst Intern,TechNova,Chennai,Offline,6 Months,2000,"Python, Excel, SQL",2025-08-07
Graphic Design Intern,DesignHive,Remote,Hybrid,2 Months,15000,"Photoshop, Illustrator",2025-07-24
Social Media Intern,SocialBuzz,Delhi,Online,1 Month,0,"Instagram Marketing, Facebook Ads",2025-08-30
Web Developer Intern,WebWorks,Chennai,Online,1 Month,8000,"HTML, CSS, JavaScript",2025-08-09
Marketing Intern,MarketGurus,Chennai,Online,3 Months,2000,"SEO, Content Writing",2025-09-01
Social Media Intern,SocialBuzz,Remote,Online,6 Months,5000,"Instagram Marketing, Facebook Ads",2025-09-05
AI/ML Intern,NeuroNet,Pune,Hybrid,1 Month,5000,"Python, TensorFlow, Machine Learning",2025-08-18
HR Intern,Talentify,Bangalore,Online,3 Months,8000,"Communication, Recruitment",2025-08-27
Social Media Intern,SocialBuzz,Mumbai,Offline,1 Month,15000,"Instagram Marketing, Facebook Ads",2025-08-21
Web Developer Intern,WebWorks,Chennai,Offline,6 Months,15000,"HTML, CSS, JavaScript",2025-08-29
Business Analyst Intern,BizInsight,Bangalore,Online,2 Months,5000,"Power BI, Data Analysis",2025-08-24
Social Media Intern,SocialBuzz,Mumbai,Offline,6 Months,5000,"Instagram Marketing, Facebook Ads",2025-07-27
Business Analyst Intern,BizInsight,Kolkata,Offline,2 Months,8000,"Power BI, Data Analysis",2025-08-22
Data Analyst Intern,TechNova,Hyderabad,Offline,1 Month,8000,"Python, Excel, SQL",2025-07-21
Business Analyst Intern,BizInsight,Delhi,Hybrid,2 Months,5000,"Power BI, Data Analysis",2025-07-13
Finance Intern,FinVision,Pune,Online,3 Months,10000,"Finance, Excel, Tally",2025-08-03
Graphic Design Intern,DesignHive,Bangalore,Hybrid,6 Months,10000,"Photoshop, Illustrator",2025-07-30
Data Analyst Intern,TechNova,Bangalore,Hybrid,6 Months,15000,"Python, Excel, SQL",2025-07-27
Finance Intern,FinVision,Delhi,Online,1 Month,8000,"Finance, Excel, Tally",2025-09-01
Content Writing Intern,WriteRight,Hyderabad,Offline,2 Months,15000,"Creative Writing, Editing",2025-08-26
Data Analyst Intern,TechNova,Bangalore,Online,1 Month,5000,"Python, Excel, SQL",2025-08-03
AI/ML Intern,NeuroNet,Mumbai,Hybrid,1 Month,0,"Python, TensorFlow, Machine Learning",2025-07-19
Social Media Intern,SocialBuzz,Remote,Offline,1 Month,15000,"Instagram Marketing, Facebook Ads",2025-08-10
Marketing Intern,MarketGurus,Chennai,Online,3 Months,10000,"SEO, Content Writing",2025-08-23
HR Intern,Talentify,Delhi,Hybrid,1 Month,8000,"Communication, Recruitment",2025-07-23
Web Developer Intern,WebWorks,Kolkata,Online,6 Months,10000,"HTML, CSS, JavaScript",2025-07-25
Business Analyst Intern,BizInsight,Mumbai,Offline,3 Months,2000,"Power BI, Data Analysis",2025-08-07
Business Analyst Intern,BizInsight,Kolkata,Online,6 Months,15000,"Power BI, Data Analysis",2025-07-20
Data Analyst Intern,TechNova,Remote,Online,1 Month,5000,"Python, Excel, SQL",2025-09-03
AI/ML Intern,NeuroNet,Bangalore,Hybrid,6 Months,8000,"Python, TensorFlow, Machine Learning",2025-08-04
Content Writing Intern,WriteRight,Chennai,Online,3 Months,0,"Creative Writing, Editing",2025-09-06
Finance Intern,FinVision,Remote,Hybrid,1 Month,5000,"Finance, Excel, Tally",2025-08-08
Social Media Intern,SocialBuzz,Mumbai,Hybrid,2 Months,0,"Instagram Marketing, Facebook Ads",2025-08-20
Content Writing Intern,WriteRight,Remote,Hybrid,6 Months,8000,"Creative Writing, Editing",2025-08-09
Business Analyst Intern,BizInsight,Pune,Hybrid,6 Months,0,"Power BI, Data Analysis",2025-09-01
HR Intern,Talentify,Mumbai,Hybrid,6 Months,5000,"Communication, Recruitment",2025-08-21
Web Developer Intern,WebWorks,Mumbai,Online,2 Months,2000,"HTML, CSS, JavaScript",2025-08-28
Content Writing Intern,WriteRight,Hyderabad,Online,2 Months,2000,"Creative Writing, Editing",2025-08-11
Finance Intern,FinVision,Bangalore,Online,6 Months,8000,"Finance, Excel, Tally",2025-07-21
AI/ML Intern,NeuroNet,Delhi,Hybrid,3 Months,5000,"Python, TensorFlow, Machine Learning",2025-08-28
Graphic Design Intern,DesignHive,Hyderabad,Online,6 Months,5000,"Photoshop, Illustrator",2025-07-28
Finance Intern,FinVision,Remote,Offline,2 Months,8000,"Finance, Excel, Tally",2025-08-26
Graphic Design Intern,DesignHive,Kolkata,Hybrid,3 Months,2000,"Photoshop, Illustrator",2025-07-15
Social Media Intern,SocialBuzz,Pune,Offline,3 Months,8000,"Instagram Marketing, Facebook Ads",2025-08-22
AI/ML Intern,NeuroNet,Kolkata,Hybrid,6 Months,5000,"Python, TensorFlow, Machine Learning",2025-08-17
Finance Intern,FinVision,Bangalore,Hybrid,1 Month,0,"Finance, Excel, Tally",2025-08-21
Marketing Intern,MarketGurus,Remote,Hybrid,6 Months,5000,"SEO, Content Writing",2025-08-03
Marketing Intern,MarketGurus,Chennai,Online,6 Months,10000,"SEO, Content Writing",2025-08-03
Content Writing Intern,WriteRight,Bangalore,Hybrid,3 Months,10000,"Creative Writing, Editing",2025-08-18
HR Intern,Talentify,Kolkata,Hybrid,3 Months,5000,"Communication, Recruitment",2025-09-06
Graphic Design Intern,DesignHive,Pune,Hybrid,2 Months,0,"Photoshop, Illustrator",2025-08-17
Content Writing Intern,WriteRight,Pune,Online,1 Month,5000,"Creative Writing, Editing",2025-08-17
Web Developer Intern,WebWorks,Pune,Offline,3 Months,8000,"HTML, CSS, JavaScript",2025-08-09
Finance Intern,FinVision,Chennai,Offline,1 Month,2000,"Finance, Excel, Tally",2025-07-31
Data Analyst Intern,TechNova,Remote,Offline,3 Months,10000,"Python, Excel, SQL",2025-08-04
Graphic Design Intern,DesignHive,Delhi,Offline,3 Months,15000,"Photoshop, Illustrator",2025-08-25
Marketing Intern,MarketGurus,Hyderabad,Offline,3 Months,2000,"SEO, Content Writing",2025-08-06
Finance Intern,FinVision,Remote,Hybrid,2 Months,10000,"Finance, Excel, Tally",2025-08-13
AI/ML Intern,NeuroNet,Hyderabad,Offline,1 Month,10000,"Python, TensorFlow, Machine Learning",2025-07-13
Data Analyst Intern,TechNova,Kolkata,Hybrid,6 Months,5000,"Python, Excel, SQL",2025-08-10
Social Media Intern,SocialBuzz,Pune,Hybrid,6 Months,0,"Instagram Marketing, Facebook Ads",2025-08-17
Social Media Intern,SocialBuzz,Delhi,Offline,1 Month,5000,"Instagram Marketing, Facebook Ads",2025-07-30
AI/ML Intern,NeuroNet,Chennai,Offline,6 Months,8000,"Python, TensorFlow, Machine Learning",2025-08-19
Social Media Intern,SocialBuzz,Hyderabad,Online,3 Months,0,"Instagram Marketing, Facebook Ads",2025-07-26
Data Analyst Intern,TechNova,Pune,Offline,1 Month,10000,"Python, Excel, SQL",2025-07-24
Business Analyst Intern,BizInsight,Remote,Online,2 Months,10000,"Power BI, Data Analysis",2025-08-07
Web Developer Intern,WebWorks,Mumbai,Online,3 Months,0,"HTML, CSS, JavaScript",2025-07-18
Social Media Intern,SocialBuzz,Hyderabad,Hybrid,6 Months,0,"Instagram Marketing, Facebook Ads",2025-09-06
Data Analyst Intern,TechNova,Kolkata,Online,3 Months,5000,"Python, Excel, SQL",2025-08-09
Data Analyst Intern,TechNova,Remote,Online,2 Months,8000,"Python, Excel, SQL",2025-08-15
Web Developer Intern,WebWorks,Delhi,Hybrid,2 Months,5000,"HTML, CSS, JavaScript",2025-08-03
Business Analyst Intern,BizInsight,Hyderabad,Offline,3 Months,15000,"Power BI, Data Analysis",2025-08-11
Data Analyst Intern,TechNova,Pune,Offline,3 Months,15000,"Python, Excel, SQL",2025-09-01
Finance Intern,FinVision,Mumbai,Online,6 Months,10000,"Finance, Excel, Tally",2025-07-23
Social Media Intern,SocialBuzz,Bangalore,Hybrid,2 Months,8000,"Instagram Marketing, Facebook Ads",2025-08-06
Data Analyst Intern,TechNova,Mumbai,Offline,2 Months,8000,"Python, Excel, SQL",2025-08-16
AI/ML Intern,NeuroNet,Hyderabad,Online,6 Months,2000,"Python, TensorFlow, Machine Learning",2025-07-30
Web Developer Intern,WebWorks,Mumbai,Offline,3 Months,2000,"HTML, CSS, JavaScript",2025-09-01
Graphic Design Intern,DesignHive,Chennai,Hybrid,3 Months,10000,"Photoshop, Illustrator",2025-08-24
Graphic Design Intern,DesignHive,Remote,Online,2 Months,2000,"Photoshop, Illustrator",2025-08-06
Business Analyst Intern,BizInsight,Delhi,Hybrid,1 Month,0,"Power BI, Data Analysis",2025-07-30
Web Developer Intern,WebWorks,Chennai,Hybrid,6 Months,8000,"HTML, CSS, JavaScript",2025-08-02
Data Analyst Intern,TechNova,Bangalore,Offline,3 Months,8000,"Python, Excel, SQL",2025-07-20
AI/ML Intern,NeuroNet,Mumbai,Offline,6 Months,5000,"Python, TensorFlow, Machine Learning",2025-08-18
Data Analyst Intern,TechNova,Hyderabad,Hybrid,1 Month,15000,"Python, Excel, SQL",2025-08-28
Business Analyst Intern,BizInsight,Delhi,Online,3 Months,8000,"Power BI, Data Analysis",2025-08-24
Content Writing Intern,WriteRight,Hyderabad,Hybrid,6 Months,2000,"Creative Writing, Editing",2025-08-13
Web Developer Intern,WebWorks,Mumbai,Online,3 Months,10000,"HTML, CSS, JavaScript",2025-08-17
Web Developer Intern,WebWorks,Remote,Online,6 Months,10000,"HTML, CSS, JavaScript",2025-07-27
AI/ML Intern,NeuroNet,Bangalore,Offline,2 Months,5000,"Python, TensorFlow, Machine Learning",2025-08-04
Graphic Design Intern,DesignHive,Delhi,Hybrid,2 Months,5000,"Photoshop, Illustrator",2025-07-23
Social Media Intern,SocialBuzz,Remote,Online,2 Months,0,"Instagram Marketing, Facebook Ads",2025-08-19
HR Intern,Talentify,Mumbai,Online,6 Months,2000,"Communication, Recruitment",2025-09-01
Business Analyst Intern,BizInsight,Pune,Hybrid,6 Months,5000,"Power BI, Data Analysis",2025-07-31
Data Analyst Intern,TechNova,Kolkata,Hybrid,3 Months,2000,"Python, Excel, SQL",2025-08-12
Finance Intern,FinVision,Delhi,Hybrid,2 Months,15000,"Finance, Excel, Tally",2025-07-24
Graphic Design Intern,DesignHive,Bangalore,Hybrid,3 Months,8000,"Photoshop, Illustrator",2025-08-06
Social Media Intern,SocialBuzz,Pune,Offline,3 Months,5000,"Instagram Marketing, Facebook Ads",2025-09-05
Web Developer Intern,WebWorks,Chennai,Offline,6 Months,2000,"HTML, CSS, JavaScript",2025-08-19
Content Writing Intern,WriteRight,Delhi,Offline,2 Months,15000,"Creative Writing, Editing",2025-07-18
Content Writing Intern,WriteRight,Chennai,Offline,2 Months,10000,"Creative Writing, Editing",2025-07-24
Finance Intern,FinVision,Remote,Hybrid,2 Months,10000,"Finance, Excel, Tally",2025-08-11
Business Analyst Intern,BizInsight,Chennai,Hybrid,6 Months,0,"Power BI, Data Analysis",2025-08-23
AI/ML Intern,NeuroNet,Hyderabad,Hybrid,1 Month,2000,"Python, TensorFlow, Machine Learning",2025-07-29
AI/ML Intern,NeuroNet,Bangalore,Hybrid,1 Month,8000,"Python, TensorFlow, Machine Learning",2025-07-13
Graphic Design Intern,DesignHive,Remote,Offline,2 Months,0,"Photoshop, Illustrator",2025-07-22
Content Writing Intern,WriteRight,Pune,Online,2 Months,0,"Creative Writing, Editing",2025-09-02
Finance Intern,FinVision,Delhi,Hybrid,1 Month,5000,"Finance, Excel, Tally",2025-07-23
Data Analyst Intern,TechNova,Remote,Hybrid,6 Months,5000,"Python, Excel, SQL",2025-08-21
Business Analyst Intern,BizInsight,Chennai,Online,1 Month,15000,"Power BI, Data Analysis",2025-08-24
Business Analyst Intern,BizInsight,Pune,Offline,1 Month,0,"Power BI, Data Analysis",2025-08-31
Web Developer Intern,WebWorks,Delhi,Offline,1 Month,10000,"HTML, CSS, JavaScript",2025-08-17
Web Developer Intern,WebWorks,Remote,Online,2 Months,5000,"HTML, CSS, JavaScript",2025-09-04
Finance Intern,FinVision,Chennai,Hybrid,6 Months,8000,"Finance, Excel, Tally",2025-07-13
Content Writing Intern,WriteRight,Mumbai,Hybrid,6 Months,15000,"Creative Writing, Editing",2025-08-22
Data Analyst Intern,TechNova,Delhi,Online,1 Month,10000,"Python, Excel, SQL",2025-07-14
Marketing Intern,MarketGurus,Chennai,Hybrid,2 Months,10000,"SEO, Content Writing",2025-08-18
HR Intern,Talentify,Remote,Online,6 Months,2000,"Communication, Recruitment",2025-07-18
Data Analyst Intern,TechNova,Hyderabad,Online,1 Month,2000,"Python, Excel, SQL",2025-08-27
Content Writing Intern,WriteRight,Bangalore,Offline,2 Months,15000,"Creative Writing, Editing",2025-09-04
Content Writing Intern,WriteRight,Remote,Hybrid,1 Month,5000,"Creative Writing, Editing",2025-08-21
HR Intern,Talentify,Chennai,Offline,1 Month,10000,"Communication, Recruitment",2025-08-10
Data Analyst Intern,TechNova,Remote,Offline,2 Months,2000,"Python, Excel, SQL",2025-07-27
Finance Intern,FinVision,Mumbai,Hybrid,3 Months,15000,"Finance, Excel, Tally",2025-07-19
Web Developer Intern,WebWorks,Chennai,Online,3 Months,0,"HTML, CSS, JavaScript",2025-08-22
Graphic Design Intern,DesignHive,Mumbai,Hybrid,1 Month,10000,"Photoshop, Illustrator",2025-08-27
HR Intern,Talentify,Pune,Offline,1 Month,15000,"Communication, Recruitment",2025-08-23
Marketing Intern,MarketGurus,Pune,Online,1 Month,2000,"SEO, Content Writing",2025-08-13
HR Intern,Talentify,Bangalore,Offline,2 Months,5000,"Communication, Recruitment",2025-08-12
Data Analyst Intern,TechNova,Delhi,Hybrid,2 Months,2000,"Python, Excel, SQL",2025-08-24
Finance Intern,FinVision,Kolkata,Hybrid,2 Months,10000,"Finance, Excel, Tally",2025-07-20
Marketing Intern,MarketGurus,Chennai,Hybrid,1 Month,10000,"SEO, Content Writing",2025-07-26
Finance Intern,FinVision,Pune,Offline,6 Months,15000,"Finance, Excel, Tally",2025-08-31
Data Analyst Intern,TechNova,Hyderabad,Online,1 Month,0,"Python, Excel, SQL",2025-07-23
AI/ML Intern,NeuroNet,Hyderabad,Online,3 Months,10000,"Python, TensorFlow, Machine Learning",2025-07-28
Finance Intern,FinVision,Delhi,Online,2 Months,8000,"Finance, Excel, Tally",2025-08-29
Business Analyst Intern,BizInsight,Kolkata,Hybrid,6 Months,2000,"Power BI, Data Analysis",2025-08-28
Web Developer Intern,WebWorks,Mumbai,Hybrid,2 Months,8000,"HTML, CSS, JavaScript",2025-07-23
Business Analyst Intern,BizInsight,Hyderabad,Offline,3 Months,15000,"Power BI, Data Analysis",2025-08-24
Web Developer Intern,WebWorks,Chennai,Hybrid,1 Month,8000,"HTML, CSS, JavaScript",2025-07-14
Marketing Intern,MarketGurus,Delhi,Online,6 Months,8000,"SEO, Content Writing",2025-08-31
Social Media Intern,SocialBuzz,Chennai,Online,3 Months,2000,"Instagram Marketing, Facebook Ads",2025-08-29
Marketing Intern,MarketGurus,Kolkata,Online,2 Months,2000,"SEO, Content Writing",2025-08-14
Data Analyst Intern,TechNova,Pune,Online,3 Months,2000,"Python, Excel, SQL",2025-08-20
Finance Intern,FinVision,Mumbai,Offline,1 Month,0,"Finance, Excel, Tally",2025-08-18
Marketing Intern,MarketGurus,Chennai,Online,6 Months,10000,"SEO, Content Writing",2025-08-11
Content Writing Intern,WriteRight,Hyderabad,Hybrid,3 Months,2000,"Creative Writing, Editing",2025-09-06
AI/ML Intern,NeuroNet,Bangalore,Online,1 Month,8000,"Python, TensorFlow, Machine Learning",2025-08-20
Business Analyst Intern,BizInsight,Hyderabad,Online,1 Month,8000,"Power BI, Data Analysis",2025-08-15
Finance Intern,FinVision,Delhi,Offline,3 Months,15000,"Finance, Excel, Tally",2025-08-09
Business Analyst Intern,BizInsight,Kolkata,Offline,6 Months,0,"Power BI, Data Analysis",2025-08-20
Business Analyst Intern,BizInsight,Mumbai,Offline,2 Months,5000,"Power BI, Data Analysis",2025-08-20
Content Writing Intern,WriteRight,Hyderabad,Offline,1 Month,10000,"Creative Writing, Editing",2025-07-16
HR Intern,Talentify,Remote,Hybrid,6 Months,5000,"Communication, Recruitment",2025-08-24
Marketing Intern,MarketGurus,Mumbai,Online,3 Months,2000,"SEO, Content Writing",2025-07-23
Finance Intern,FinVision,Chennai,Offline,2 Months,15000,"Finance, Excel, Tally",2025-07-21
Content Writing Intern,WriteRight,Delhi,Offline,2 Months,8000,"Creative Writing, Editing",2025-07-23
Finance Intern,FinVision,Mumbai,Offline,2 Months,5000,"Finance, Excel, Tally",2025-08-16
Content Writing Intern,WriteRight,Mumbai,Online,6 Months,2000,"Creative Writing, Editing",2025-08-28
Finance Intern,FinVision,Pune,Hybrid,6 Months,2000,"Finance, Excel, Tally",2025-08-19
Web Developer Intern,WebWorks,Delhi,Offline,3 Months,10000,"HTML, CSS, JavaScript",2025-08-18
Marketing Intern,MarketGurus,Pune,Hybrid,1 Month,5000,"SEO, Content Writing",2025-08-26
Content Writing Intern,WriteRight,Chennai,Hybrid,6 Months,8000,"Creative Writing, Editing",2025-08-16
HR Intern,Talentify,Chennai,Online,3 Months,2000,"Communication, Recruitment",2025-09-03
Business Analyst Intern,BizInsight,Pune,Offline,2 Months,15000,"Power BI, Data Analysis",2025-07-21
Content Writing Intern,WriteRight,Remote,Online,3 Months,5000,"Creative Writing, Editing",2025-08-18
Data Analyst Intern,TechNova,Hyderabad,Offline,1 Month,0,"Python, Excel, SQL",2025-08-16
HR Intern,Talentify,Hyderabad,Hybrid,6 Months,8000,"Communication, Recruitment",2025-09-05
AI/ML Intern,NeuroNet,Hyderabad,Hybrid,6 Months,2000,"Python, TensorFlow, Machine Learning",2025-08-13
Marketing Intern,MarketGurus,Remote,Offline,6 Months,15000,"SEO, Content Writing",2025-08-24
AI/ML Intern,NeuroNet,Mumbai,Offline,6 Months,0,"Python, TensorFlow, Machine Learning",2025-08-04
Graphic Design Intern,DesignHive,Delhi,Online,1 Month,10000,"Photoshop, Illustrator",2025-08-01
HR Intern,Talentify,Bangalore,Hybrid,3 Months,2000,"Communication, Recruitment",2025-07-22
HR Intern,Talentify,Mumbai,Hybrid,2 Months,2000,"Communication, Recruitment",2025-08-18
AI/ML Intern,NeuroNet,Delhi,Online,1 Month,8000,"Python, TensorFlow, Machine Learning",2025-08-07
Graphic Design Intern,DesignHive,Pune,Online,6 Months,10000,"Photoshop, Illustrator",2025-07-28
AI/ML Intern,NeuroNet,Delhi,Online,6 Months,8000,"Python, TensorFlow, Machine Learning",2025-07-16
HR Intern,Talentify,Remote,Hybrid,2 Months,5000,"Communication, Recruitment",2025-08-26
Content Writing Intern,WriteRight,Pune,Online,3 Months,8000,"Creative Writing, Editing",2025-08-31
Data Analyst Intern,TechNova,Kolkata,Offline,6 Months,5000,"Python, Excel, SQL",2025-07-29
Business Analyst Intern,BizInsight,Kolkata,Hybrid,2 Months,10000,"Power BI, Data Analysis",2025-08-14
Social Media Intern,SocialBuzz,Mumbai,Offline,3 Months,0,"Instagram Marketing, Facebook Ads",2025-07-14
HR Intern,Talentify,Hyderabad,Online,3 Months,5000,"Communication, Recruitment",2025-08-01
Marketing Intern,MarketGurus,Kolkata,Online,3 Months,2000,"SEO, Content Writing",2025-07-23
Content Writing Intern,WriteRight,Chennai,Online,3 Months,10000,"Creative Writing, Editing",2025-08-16
Finance Intern,FinVision,Remote,Offline,3 Months,10000,"Finance, Excel, Tally",2025-07-21
AI/ML Intern,NeuroNet,Pune,Offline,2 Months,2000,"Python, TensorFlow, Machine Learning",2025-08-31
Data Analyst Intern,TechNova,Pune,Offline,1 Month,0,"Python, Excel, SQL",2025-07-19
Finance Intern,FinVision,Kolkata,Hybrid,3 Months,0,"Finance, Excel, Tally",2025-08-10
Marketing Intern,MarketGurus,Hyderabad,Offline,6 Months,8000,"SEO, Content Writing",2025-07-15
Graphic Design Intern,DesignHive,Remote,Offline,1 Month,15000,"Photoshop, Illustrator",2025-09-04
Finance Intern,FinVision,Delhi,Hybrid,2 Months,8000,"Finance, Excel, Tally",2025-07-30
AI/ML Intern,NeuroNet,Chennai,Hybrid,2 Months,2000,"Python, TensorFlow, Machine Learning",2025-07-25
Marketing Intern,MarketGurus,Kolkata,Offline,6 Months,15000,"SEO, Content Writing",2025-09-05
Business Analyst Intern,BizInsight,Kolkata,Hybrid,1 Month,0,"Power BI, Data Analysis",2025-08-17
Social Media Intern,SocialBuzz,Bangalore,Hybrid,2 Months,15000,"Instagram Marketing, Facebook Ads",2025-09-02
Marketing Intern,MarketGurus,Chennai,Offline,2 Months,0,"SEO, Content Writing",2025-08-25
Social Media Intern,SocialBuzz,Hyderabad,Hybrid,3 Months,0,"Instagram Marketing, Facebook Ads",2025-08-26
Data Analyst Intern,TechNova,Pune,Online,1 Month,15000,"Python, Excel, SQL",2025-07-22
Content Writing Intern,WriteRight,Mumbai,Online,1 Month,15000,"Creative Writing, Editing",2025-09-05
Social Media Intern,SocialBuzz,Chennai,Hybrid,1 Month,10000,"Instagram Marketing, Facebook Ads",2025-08-19
HR Intern,Talentify,Mumbai,Offline,2 Months,0,"Communication, Recruitment",2025-07-25
Finance Intern,FinVision,Hyderabad,Offline,3 Months,0,"Finance, Excel, Tally",2025-07-22
Data Analyst Intern,TechNova,Remote,Hybrid,2 Months,2000,"Python, Excel, SQL",2025-07-25
Social Media Intern,SocialBuzz,Remote,Online,1 Month,10000,"Instagram Marketing, Facebook Ads",2025-08-09
Web Developer Intern,WebWorks,Delhi,Hybrid,6 Months,10000,"HTML, CSS, JavaScript",2025-07-17
HR Intern,Talentify,Delhi,Offline,1 Month,2000,"Communication, Recruitment",2025-07-14
Graphic Design Intern,DesignHive,Bangalore,Hybrid,1 Month,2000,"Photoshop, Illustrator",2025-07-30
Social Media Intern,SocialBuzz,Pune,Online,3 Months,5000,"Instagram Marketing, Facebook Ads",2025-08-16
Graphic Design Intern,DesignHive,Pune,Online,6 Months,10000,"Photoshop, Illustrator",2025-07-22
AI/ML Intern,NeuroNet,Remote,Offline,3 Months,10000,"Python, TensorFlow, Machine Learning",2025-08-10
Web Developer Intern,WebWorks,Hyderabad,Online,1 Month,2000,"HTML, CSS, JavaScript",2025-08-21
Graphic Design Intern,DesignHive,Delhi,Hybrid,2 Months,8000,"Photoshop, Illustrator",2025-08-08
Graphic Design Intern,DesignHive,Remote,Hybrid,2 Months,10000,"Photoshop, Illustrator",2025-09-03
Data Analyst Intern,TechNova,Mumbai,Hybrid,1 Month,15000,"Python, Excel, SQL",2025-08-04
Data Analyst Intern,TechNova,Pune,Online,3 Months,2000,"Python, Excel, SQL",2025-08-02
Graphic Design Intern,DesignHive,Kolkata,Online,6 Months,0,"Photoshop, Illustrator",2025-09-02
AI/ML Intern,NeuroNet,Pune,Offline,1 Month,15000,"Python, TensorFlow, Machine Learning",2025-07-25
Data Analyst Intern,TechNova,Chennai,Hybrid,1 Month,15000,"Python, Excel, SQL",2025-07-26
Data Analyst Intern,TechNova,Remote,Offline,6 Months,10000,"Python, Excel, SQL",2025-07-24
Web Developer Intern,WebWorks,Delhi,Hybrid,1 Month,8000,"HTML, CSS, JavaScript",2025-08-31
AI/ML Intern,NeuroNet,Delhi,Hybrid,1 Month,15000,"Python, TensorFlow, Machine Learning",2025-08-26
Finance Intern,FinVision,Pune,Hybrid,3 Months,2000,"Finance, Excel, Tally",2025-07-25
HR Intern,Talentify,Chennai,Hybrid,2 Months,5000,"Communication, Recruitment",2025-07-15
Marketing Intern,MarketGurus,Mumbai,Online,1 Month,8000,"SEO, Content Writing",2025-07-24
Business Analyst Intern,BizInsight,Delhi,Online,3 Months,5000,"Power BI, Data Analysis",2025-09-04
AI/ML Intern,NeuroNet,Remote,Offline,6 Months,0,"Python, TensorFlow, Machine Learning",2025-07-13
HR Intern,Talentify,Chennai,Hybrid,6 Months,10000,"Communication, Recruitment",2025-08-22
Social Media Intern,SocialBuzz,Bangalore,Hybrid,2 Months,8000,"Instagram Marketing, Facebook Ads",2025-07-22
HR Intern,Talentify,Mumbai,Hybrid,6 Months,15000,"Communication, Recruitment",2025-08-20
Social Media Intern,SocialBuzz,Chennai,Offline,2 Months,2000,"Instagram Marketing, Facebook Ads",2025-07-14
Content Writing Intern,WriteRight,Hyderabad,Offline,6 Months,8000,"Creative Writing, Editing",2025-08-20
Graphic Design Intern,DesignHive,Mumbai,Online,1 Month,2000,"Photoshop, Illustrator",2025-07-31
Marketing Intern,MarketGurus,Chennai,Online,3 Months,10000,"SEO, Content Writing",2025-07-17
Web Developer Intern,WebWorks,Chennai,Hybrid,3 Months,10000,"HTML, CSS, JavaScript",2025-08-25
Content Writing Intern,WriteRight,Mumbai,Online,1 Month,5000,"Creative Writing, Editing",2025-08-16
Marketing Intern,MarketGurus,Chennai,Hybrid,6 Months,2000,"SEO, Content Writing",2025-07-19
Graphic Design Intern,DesignHive,Remote,Offline,3 Months,15000,"Photoshop, Illustrator",2025-08-11
Social Media Intern,SocialBuzz,Kolkata,Online,1 Month,8000,"Instagram Marketing, Facebook Ads",2025-07-17
Graphic Design Intern,DesignHive,Bangalore,Offline,6 Months,10000,"Photoshop, Illustrator",2025-07-20
Social Media Intern,SocialBuzz,Mumbai,Online,6 Months,15000,"Instagram Marketing, Facebook Ads",2025-09-06
Social Media Intern,SocialBuzz,Kolkata,Online,3 Months,15000,"Instagram Marketing, Facebook Ads",2025-08-14
Business Analyst Intern,BizInsight,Remote,Offline,6 Months,10000,"Power BI, Data Analysis",2025-09-03
HR Intern,Talentify,Hyderabad,Hybrid,3 Months,10000,"Communication, Recruitment",2025-08-25
Content Writing Intern,WriteRight,Hyderabad,Hybrid,2 Months,8000,"Creative Writing, Editing",2025-08-30
Social Media Intern,SocialBuzz,Kolkata,Online,3 Months,0,"Instagram Marketing, Facebook Ads",2025-08-25
HR Intern,Talentify,Bangalore,Offline,1 Month,2000,"Communication, Recruitment",2025-09-04
AI/ML Intern,NeuroNet,Remote,Offline,3 Months,2000,"Python, TensorFlow, Machine Learning",2025-08-21
Business Analyst Intern,BizInsight,Delhi,Online,6 Months,0,"Power BI, Data Analysis",2025-07-26
Graphic Design Intern,DesignHive,Bangalore,Online,1 Month,5000,"Photoshop, Illustrator",2025-09-06
Web Developer Intern,WebWorks,Bangalore,Offline,3 Months,2000,"HTML, CSS, JavaScript",2025-08-25
Content Writing Intern,WriteRight,Mumbai,Hybrid,1 Month,10000,"Creative Writing, Editing",2025-08-26
Content Writing Intern,WriteRight,Hyderabad,Hybrid,6 Months,2000,"Creative Writing, Editing",2025-07-21
Social Media Intern,SocialBuzz,Kolkata,Hybrid,6 Months,15000,"Instagram Marketing, Facebook Ads",2025-08-11
HR Intern,Talentify,Bangalore,Hybrid,6 Months,8000,"Communication, Recruitment",2025-07-16
Business Analyst Intern,BizInsight,Kolkata,Offline,2 Months,10000,"Power BI, Data Analysis",2025-08-05
Marketing Intern,MarketGurus,Bangalore,Hybrid,3 Months,2000,"SEO, Content Writing",2025-07-22
HR Intern,Talentify,Hyderabad,Online,2 Months,15000,"Communication, Recruitment",2025-08-16
Business Analyst Intern,BizInsight,Mumbai,Hybrid,3 Months,8000,"Power BI, Data Analysis",2025-09-06
AI/ML Intern,NeuroNet,Bangalore,Hybrid,1 Month,8000,"Python, TensorFlow, Machine Learning",2025-07-26
AI/ML Intern,NeuroNet,Chennai,Offline,3 Months,15000,"Python, TensorFlow, Machine Learning",2025-08-15
Finance Intern,FinVision,Remote,Hybrid,3 Months,15000,"Finance, Excel, Tally",2025-07-28
Business Analyst Intern,BizInsight,Chennai,Online,3 Months,5000,"Power BI, Data Analysis",2025-07-25
Content Writing Intern,WriteRight,Delhi,Online,2 Months,15000,"Creative Writing, Editing",2025-08-20
HR Intern,Talentify,Delhi,Online,6 Months,0,"Communication, Recruitment",2025-07-28
Web Developer Intern,WebWorks,Hyderabad,Offline,3 Months,0,"HTML, CSS, JavaScript",2025-07-17
Marketing Intern,MarketGurus,Bangalore,Online,2 Months,2000,"SEO, Content Writing",2025-07-27
Finance Intern,FinVision,Hyderabad,Online,2 Months,5000,"Finance, Excel, Tally",2025-08-23
Content Writing Intern,WriteRight,Mumbai,Hybrid,1 Month,8000,"Creative Writing, Editing",2025-08-03
Social Media Intern,SocialBuzz,Bangalore,Hybrid,2 Months,8000,"Instagram Marketing, Facebook Ads",2025-08-01
Finance Intern,FinVision,Hyderabad,Online,6 Months,15000,"Finance, Excel, Tally",2025-08-04
Graphic Design Intern,DesignHive,Kolkata,Offline,2 Months,2000,"Photoshop, Illustrator",2025-08-27
Content Writing Intern,WriteRight,Bangalore,Hybrid,6 Months,5000,"Creative Writing, Editing",2025-08-07
Marketing Intern,MarketGurus,Kolkata,Online,6 Months,5000,"SEO, Content Writing",2025-08-18
HR Intern,Talentify,Mumbai,Online,2 Months,0,"Communication, Recruitment",2025-07-27
Content Writing Intern,WriteRight,Mumbai,Hybrid,2 Months,0,"Creative Writing, Editing",2025-08-12
Web Developer Intern,WebWorks,Pune,Offline,1 Month,8000,"HTML, CSS, JavaScript",2025-08-20
Marketing Intern,MarketGurus,Mumbai,Online,1 Month,8000,"SEO, Content Writing",2025-08-22
Finance Intern,FinVision,Mumbai,Online,3 Months,10000,"Finance, Excel, Tally",2025-08-15
Web Developer Intern,WebWorks,Kolkata,Online,6 Months,5000,"HTML, CSS, JavaScript",2025-08-02
Marketing Intern,MarketGurus,Delhi,Hybrid,2 Months,15000,"SEO, Content Writing",2025-07-14
AI/ML Intern,NeuroNet,Bangalore,Hybrid,3 Months,8000,"Python, TensorFlow, Machine Learning",2025-09-05
Graphic Design Intern,DesignHive,Pune,Hybrid,1 Month,2000,"Photoshop, Illustrator",2025-08-13
Graphic Design Intern,DesignHive,Remote,Hybrid,6 Months,15000,"Photoshop, Illustrator",2025-09-01
Social Media Intern,SocialBuzz,Mumbai,Hybrid,3 Months,8000,"Instagram Marketing, Facebook Ads",2025-07-27
Finance Intern,FinVision,Kolkata,Online,2 Months,5000,"Finance, Excel, Tally",2025-07-30
Content Writing Intern,WriteRight,Chennai,Hybrid,1 Month,10000,"Creative Writing, Editing",2025-08-04
Social Media Intern,SocialBuzz,Bangalore,Online,3 Months,15000,"Instagram Marketing, Facebook Ads",2025-08-08
Graphic Design Intern,DesignHive,Chennai,Online,1 Month,15000,"Photoshop, Illustrator",2025-07-31
Marketing Intern,MarketGurus,Kolkata,Offline,1 Month,5000,"SEO, Content Writing",2025-08-08
HR Intern,Talentify,Chennai,Hybrid,3 Months,0,"Communication, Recruitment",2025-07-25
Data Analyst Intern,TechNova,Mumbai,Offline,1 Month,5000,"Python, Excel, SQL",2025-08-16
Finance Intern,FinVision,Pune,Hybrid,1 Month,0,"Finance, Excel, Tally",2025-08-14
Content Writing Intern,WriteRight,Chennai,Online,2 Months,0,"Creative Writing, Editing",2025-07-28
Graphic Design Intern,DesignHive,Pune,Offline,6 Months,5000,"Photoshop, Illustrator",2025-08-06
Social Media Intern,SocialBuzz,Delhi,Offline,2 Months,8000,"Instagram Marketing, Facebook Ads",2025-08-14
Graphic Design Intern,DesignHive,Bangalore,Offline,3 Months,15000,"Photoshop, Illustrator",2025-07-28
HR Intern,Talentify,Delhi,Hybrid,6 Months,0,"Communication, Recruitment",2025-07-24
Marketing Intern,MarketGurus,Remote,Offline,2 Months,5000,"SEO, Content Writing",2025-08-09
HR Intern,Talentify,Chennai,Offline,3 Months,15000,"Communication, Recruitment",2025-08-26
Data Analyst Intern,TechNova,Delhi,Offline,3 Months,2000,"Python, Excel, SQL",2025-08-20
AI/ML Intern,NeuroNet,Delhi,Offline,3 Months,8000,"Python, TensorFlow, Machine Learning",2025-08-16
AI/ML Intern,NeuroNet,Mumbai,Hybrid,2 Months,15000,"Python, TensorFlow, Machine Learning",2025-08-30
Content Writing Intern,WriteRight,Kolkata,Online,2 Months,0,"Creative Writing, Editing",2025-08-08
Social Media Intern,SocialBuzz,Pune,Offline,2 Months,2000,"Instagram Marketing, Facebook Ads",2025-08-31
HR Intern,Talentify,Bangalore,Online,2 Months,0,"Communication, Recruitment",2025-07-17
HR Intern,Talentify,Mumbai,Online,3 Months,15000,"Communication, Recruitment",2025-07-19
Finance Intern,FinVision,Delhi,Hybrid,2 Months,15000,"Finance, Excel, Tally",2025-08-31
Marketing Intern,MarketGurus,Delhi,Online,2 Months,10000,"SEO, Content Writing",2025-08-22
Graphic Design Intern,DesignHive,Kolkata,Online,2 Months,2000,"Photoshop, Illustrator",2025-08-26
Social Media Intern,SocialBuzz,Kolkata,Offline,6 Months,2000,"Instagram Marketing, Facebook Ads",2025-08-11
AI/ML Intern,NeuroNet,Remote,Online,1 Month,10000,"Python, TensorFlow, Machine Learning",2025-08-08
Graphic Design Intern,DesignHive,Chennai,Hybrid,6 Months,8000,"Photoshop, Illustrator",2025-09-05
Content Writing Intern,WriteRight,Pune,Online,6 Months,2000,"Creative Writing, Editing",2025-08-01
Content Writing Intern,WriteRight,Pune,Hybrid,2 Months,10000,"Creative Writing, Editing",2025-09-02
Business Analyst Intern,BizInsight,Delhi,Hybrid,1 Month,15000,"Power BI, Data Analysis",2025-09-04
Graphic Design Intern,DesignHive,Delhi,Online,1 Month,8000,"Photoshop, Illustrator",2025-09-04
Marketing Intern,MarketGurus,Delhi,Online,6 Months,15000,"SEO, Content Writing",2025-08-04
Graphic Design Intern,DesignHive,Chennai,Online,3 Months,5000,"Photoshop, Illustrator",2025-07-26
Marketing Intern,MarketGurus,Remote,Hybrid,6 Months,15000,"SEO, Content Writing",2025-07-30
AI/ML Intern,NeuroNet,Pune,Hybrid,1 Month,8000,"Python, TensorFlow, Machine Learning",2025-09-06
HR Intern,Talentify,Chennai,Hybrid,3 Months,8000,"Communication, Recruitment",2025-07-13
Data Analyst Intern,TechNova,Mumbai,Hybrid,6 Months,2000,"Python, Excel, SQL",2025-07-23
Graphic Design Intern,DesignHive,Pune,Hybrid,6 Months,2000,"Photoshop, Illustrator",2025-08-08
Social Media Intern,SocialBuzz,Bangalore,Online,3 Months,10000,"Instagram Marketing, Facebook Ads",2025-09-01
Web Developer Intern,WebWorks,Pune,Offline,1 Month,2000,"HTML, CSS, JavaScript",2025-08-16
Finance Intern,FinVision,Remote,Online,1 Month,2000,"Finance, Excel, Tally",2025-07-27
Social Media Intern,SocialBuzz,Remote,Online,2 Months,5000,"Instagram Marketing, Facebook Ads",2025-08-19
Social Media Intern,SocialBuzz,Hyderabad,Hybrid,1 Month,0,"Instagram Marketing, Facebook Ads",2025-07-23
Content Writing Intern,WriteRight,Remote,Hybrid,3 Months,0,"Creative Writing, Editing",2025-08-12
Finance Intern,FinVision,Kolkata,Hybrid,2 Months,2000,"Finance, Excel, Tally",2025-08-19
Marketing Intern,MarketGurus,Kolkata,Online,6 Months,8000,"SEO, Content Writing",2025-07-13
Social Media Intern,SocialBuzz,Bangalore,Online,3 Months,8000,"Instagram Marketing, Facebook Ads",2025-08-02
Marketing Intern,MarketGurus,Bangalore,Hybrid,6 Months,8000,"SEO, Content Writing",2025-09-01
Graphic Design Intern,DesignHive,Bangalore,Online,6 Months,15000,"Photoshop, Illustrator",2025-08-27
Graphic Design Intern,DesignHive,Hyderabad,Online,3 Months,0,"Photoshop, Illustrator",2025-08-20
Data Analyst Intern,TechNova,Hyderabad,Online,6 Months,15000,"Python, Excel, SQL",2025-07-20
Social Media Intern,SocialBuzz,Hyderabad,Hybrid,1 Month,15000,"Instagram Marketing, Facebook Ads",2025-07-21
Social Media Intern,SocialBuzz,Pune,Hybrid,3 Months,15000,"Instagram Marketing, Facebook Ads",2025-07-19
Marketing Intern,MarketGurus,Remote,Online,6 Months,8000,"SEO, Content Writing",2025-09-05
Marketing Intern,MarketGurus,Bangalore,Online,3 Months,5000,"SEO, Content Writing",2025-08-31
Data Analyst Intern,TechNova,Chennai,Offline,1 Month,8000,"Python, Excel, SQL",2025-07-25
Business Analyst Intern,BizInsight,Bangalore,Hybrid,6 Months,2000,"Power BI, Data Analysis",2025-09-04
Business Analyst Intern,BizInsight,Remote,Offline,2 Months,2000,"Power BI, Data Analysis",2025-08-03
Data Analyst Intern,TechNova,Mumbai,Hybrid,6 Months,5000,"Python, Excel, SQL",2025-08-09
Marketing Intern,MarketGurus,Chennai,Hybrid,1 Month,0,"SEO, Content Writing",2025-08-03
Content Writing Intern,WriteRight,Bangalore,Online,1 Month,10000,"Creative Writing, Editing",2025-07-23
Web Developer Intern,WebWorks,Delhi,Hybrid,6 Months,10000,"HTML, CSS, JavaScript",2025-08-28
Data Analyst Intern,TechNova,Chennai,Online,2 Months,5000,"Python, Excel, SQL",2025-08-18
Graphic Design Intern,DesignHive,Remote,Hybrid,1 Month,2000,"Photoshop, Illustrator",2025-07-26
Finance Intern,FinVision,Bangalore,Offline,2 Months,8000,"Finance, Excel, Tally",2025-07-27
Graphic Design Intern,DesignHive,Bangalore,Hybrid,6 Months,2000,"Photoshop, Illustrator",2025-07-20
Finance Intern,FinVision,Kolkata,Offline,1 Month,5000,"Finance, Excel, Tally",2025-07-22
Business Analyst Intern,BizInsight,Delhi,Hybrid,6 Months,2000,"Power BI, Data Analysis",2025-08-02
Content Writing Intern,WriteRight,Kolkata,Offline,6 Months,8000,"Creative Writing, Editing",2025-08-29
Content Writing Intern,WriteRight,Mumbai,Online,2 Months,10000,"Creative Writing, Editing",2025-07-15
HR Intern,Talentify,Kolkata,Hybrid,3 Months,2000,"Communication, Recruitment",2025-08-23
Marketing Intern,MarketGurus,Bangalore,Offline,6 Months,8000,"SEO, Content Writing",2025-08-01
Social Media Intern,SocialBuzz,Chennai,Hybrid,6 Months,2000,"Instagram Marketing, Facebook Ads",2025-08-13
Business Analyst Intern,BizInsight,Chennai,Online,1 Month,10000,"Power BI, Data Analysis",2025-07-14
Data Analyst Intern,TechNova,Remote,Offline,6 Months,2000,"Python, Excel, SQL",2025-08-25
HR Intern,Talentify,Remote,Hybrid,3 Months,10000,"Communication, Recruitment",2025-08-06
Finance Intern,FinVision,Chennai,Online,2 Months,2000,"Finance, Excel, Tally",2025-08-25
HR Intern,Talentify,Remote,Offline,1 Month,8000,"Communication, Recruitment",2025-07-15
Graphic Design Intern,DesignHive,Delhi,Hybrid,2 Months,5000,"Photoshop, Illustrator",2025-09-01
AI/ML Intern,NeuroNet,Remote,Offline,3 Months,15000,"Python, TensorFlow, Machine Learning",2025-08-05
Content Writing Intern,WriteRight,Pune,Offline,1 Month,2000,"Creative Writing, Editing",2025-08-07
AI/ML Intern,NeuroNet,Chennai,Online,6 Months,2000,"Python, TensorFlow, Machine Learning",2025-07-15
Graphic Design Intern,DesignHive,Delhi,Hybrid,2 Months,10000,"Photoshop, Illustrator",2025-07-30
Graphic Design Intern,DesignHive,Kolkata,Hybrid,3 Months,8000,"Photoshop, Illustrator",2025-08-20
Content Writing Intern,WriteRight,Hyderabad,Offline,3 Months,0,"Creative Writing, Editing",2025-08-13
AI/ML Intern,NeuroNet,Delhi,Hybrid,2 Months,2000,"Python, TensorFlow, Machine Learning",2025-08-12
AI/ML Intern,NeuroNet,Hyderabad,Hybrid,2 Months,8000,"Python, TensorFlow, Machine Learning",2025-09-06
Graphic Design Intern,DesignHive,Delhi,Offline,3 Months,0,"Photoshop, Illustrator",2025-08-24
Graphic Design Intern,DesignHive,Chennai,Online,6 Months,0,"Photoshop, Illustrator",2025-09-02
Graphic Design Intern,DesignHive,Remote,Hybrid,1 Month,5000,"Photoshop, Illustrator",2025-07-27
Web Developer Intern,WebWorks,Mumbai,Offline,3 Months,10000,"HTML, CSS, JavaScript",2025-08-26
Data Analyst Intern,TechNova,Mumbai,Online,1 Month,0,"Python, Excel, SQL",2025-08-04
Data Analyst Intern,TechNova,Hyderabad,Offline,2 Months,10000,"Python, Excel, SQL",2025-09-05
Content Writing Intern,WriteRight,Remote,Online,6 Months,10000,"Creative Writing, Editing",2025-07-24
HR Intern,Talentify,Delhi,Hybrid,3 Months,8000,"Communication, Recruitment",2025-09-06
Data Analyst Intern,TechNova,Delhi,Online,2 Months,2000,"Python, Excel, SQL",2025-08-31
AI/ML Intern,NeuroNet,Remote,Online,3 Months,10000,"Python, TensorFlow, Machine Learning",2025-08-26
Graphic Design Intern,DesignHive,Mumbai,Online,2 Months,15000,"Photoshop, Illustrator",2025-07-14
Finance Intern,FinVision,Pune,Offline,3 Months,0,"Finance, Excel, Tally",2025-07-29
Business Analyst Intern,BizInsight,Delhi,Offline,2 Months,8000,"Power BI, Data Analysis",2025-08-14
Content Writing Intern,WriteRight,Delhi,Online,6 Months,5000,"Creative Writing, Editing",2025-08-07
Graphic Design Intern,DesignHive,Remote,Offline,3 Months,5000,"Photoshop, Illustrator",2025-07-24
Data Analyst Intern,TechNova,Hyderabad,Offline,6 Months,8000,"Python, Excel, SQL",2025-08-31
AI/ML Intern,NeuroNet,Kolkata,Hybrid,2 Months,15000,"Python, TensorFlow, Machine Learning",2025-07-26
Data Analyst Intern,TechNova,Pune,Online,2 Months,10000,"Python, Excel, SQL",2025-07-25
Social Media Intern,SocialBuzz,Pune,Online,1 Month,8000,"Instagram Marketing, Facebook Ads",2025-08-08
Data Analyst Intern,TechNova,Kolkata,Offline,2 Months,15000,"Python, Excel, SQL",2025-08-16
Data Analyst Intern,TechNova,Remote,Offline,2 Months,8000,"Python, Excel, SQL",2025-07-24
Marketing Intern,MarketGurus,Mumbai,Offline,1 Month,5000,"SEO, Content Writing",2025-07-15
Web Developer Intern,WebWorks,Chennai,Online,3 Months,2000,"HTML, CSS, JavaScript",2025-08-21
Data Analyst Intern,TechNova,Remote,Hybrid,1 Month,10000,"Python, Excel, SQL",2025-08-07
Social Media Intern,SocialBuzz,Pune,Offline,2 Months,0,"Instagram Marketing, Facebook Ads",2025-07-23
Social Media Intern,SocialBuzz,Pune,Online,1 Month,15000,"Instagram Marketing, Facebook Ads",2025-07-17
Content Writing Intern,WriteRight,Mumbai,Hybrid,3 Months,8000,"Creative Writing, Editing",2025-08-06
Web Developer Intern,WebWorks,Kolkata,Hybrid,3 Months,2000,"HTML, CSS, JavaScript",2025-08-03
Content Writing Intern,WriteRight,Delhi,Hybrid,6 Months,5000,"Creative Writing, Editing",2025-08-20
Marketing Intern,MarketGurus,Mumbai,Offline,2 Months,15000,"SEO, Content Writing",2025-08-17
Marketing Intern,MarketGurus,Hyderabad,Hybrid,3 Months,15000,"SEO, Content Writing",2025-08-29
Content Writing Intern,WriteRight,Pune,Hybrid,1 Month,8000,"Creative Writing, Editing",2025-08-25
HR Intern,Talentify,Pune,Online,6 Months,2000,"Communication, Recruitment",2025-08-18
Content Writing Intern,WriteRight,Chennai,Hybrid,3 Months,5000,"Creative Writing, Editing",2025-08-22
Data Analyst Intern,TechNova,Mumbai,Offline,1 Month,2000,"Python, Excel, SQL",2025-08-06
